column,role_guess,allowed_as_feature,leakage_risk,reason,feature_family_guess,notes
window_id,excluded non-feature,False,metadata,metadata-like column,nan,
subject_id,subject column,False,identity,subject identifier; keyword exclusion: subject_id,nan,
condition,block/proxy column,False,metadata,condition/block metadata,nan,
channel,excluded non-feature,False,metadata,metadata-like column,nan,
band_mode,excluded non-feature,False,metadata,metadata-like column,nan,
fif_path,suspicious leakage or metadata,False,metadata,metadata-like column; keyword exclusion: path,nan,
window_type,excluded non-feature,False,metadata,metadata-like column,nan,
negative_category,excluded non-feature,False,metadata,metadata-like column,nan,
target_label,target/label column,False,target,"target label; keyword exclusion: label,target",nan,
window_start_s,time/order column,False,time,time/order metadata,nan,
window_stop_s,time/order column,False,time,time/order metadata,nan,
window_duration_ms,allowed causal feature candidate,True,low,allowed by previous audit/metadata or feature-name heuristic,nan,
anchor_onset_s,suspicious leakage or metadata,False,high,keyword exclusion: onset,nan,
anchor_offset_s,suspicious leakage or metadata,False,high,keyword exclusion: offset,nan,
phase3_duration_ms,allowed causal feature candidate,True,low,allowed by previous audit/metadata or feature-name heuristic,nan,
threshold_source,excluded non-feature,False,metadata,metadata-like column,nan,
is_beta_active_channel,allowed causal feature candidate,True,metadata,metadata-like column; allowed by previous audit/metadata or feature-name heuristic,nan,
long_burst_category,excluded non-feature,False,low,no specific flag,nan,
provenance_status,excluded non-feature,False,metadata,metadata-like column,nan,
beta_local_baseline_ratio__h25__baseline1s__subtract_divide,allowed causal feature candidate,True,low,allowed by previous audit/metadata or feature-name heuristic; selected by Phase 6A.0 lower-bound estimator,beta_local_baseline_ratio,
beta_local_baseline_ratio__h25__baseline1s__log_divide,allowed causal feature candidate,True,low,allowed by previous audit/metadata or feature-name heuristic; selected by Phase 6A.0 lower-bound estimator,beta_local_baseline_ratio,
beta_local_baseline_ratio__h25__baseline1s__z_score_MAD,suspicious leakage or metadata,False,medium,keyword exclusion: score; selected by Phase 6A.0 lower-bound estimator; precomputed normalization-like name; cannot undo preprocessing scope,beta_local_baseline_ratio,
beta_local_baseline_ratio__h25__baseline2s__subtract_divide,allowed causal feature candidate,True,low,allowed by previous audit/metadata or feature-name heuristic; selected by Phase 6A.0 lower-bound estimator,beta_local_baseline_ratio,
beta_local_baseline_ratio__h25__baseline2s__log_divide,allowed causal feature candidate,True,low,allowed by previous audit/metadata or feature-name heuristic; selected by Phase 6A.0 lower-bound estimator,beta_local_baseline_ratio,
beta_local_baseline_ratio__h25__baseline2s__z_score_MAD,suspicious leakage or metadata,False,medium,keyword exclusion: score; selected by Phase 6A.0 lower-bound estimator; precomputed normalization-like name; cannot undo preprocessing scope,beta_local_baseline_ratio,
beta_local_baseline_ratio__h25__baseline5s__subtract_divide,allowed causal feature candidate,True,low,allowed by previous audit/metadata or feature-name heuristic; selected by Phase 6A.0 lower-bound estimator,beta_local_baseline_ratio,
beta_local_baseline_ratio__h25__baseline5s__log_divide,allowed causal feature candidate,True,low,allowed by previous audit/metadata or feature-name heuristic; selected by Phase 6A.0 lower-bound estimator,beta_local_baseline_ratio,
beta_local_baseline_ratio__h25__baseline5s__z_score_MAD,suspicious leakage or metadata,False,medium,keyword exclusion: score; selected by Phase 6A.0 lower-bound estimator; precomputed normalization-like name; cannot undo preprocessing scope,beta_local_baseline_ratio,
beta_local_baseline_ratio__h25__baseline10s__subtract_divide,allowed causal feature candidate,True,low,allowed by previous audit/metadata or feature-name heuristic; selected by Phase 6A.0 lower-bound estimator,beta_local_baseline_ratio,
beta_local_baseline_ratio__h25__baseline10s__log_divide,allowed causal feature candidate,True,low,allowed by previous audit/metadata or feature-name heuristic; selected by Phase 6A.0 lower-bound estimator,beta_local_baseline_ratio,
beta_local_baseline_ratio__h25__baseline10s__z_score_MAD,suspicious leakage or metadata,False,medium,keyword exclusion: score; selected by Phase 6A.0 lower-bound estimator; precomputed normalization-like name; cannot undo preprocessing scope,beta_local_baseline_ratio,
beta_local_baseline_ratio__h50__baseline1s__subtract_divide,allowed causal feature candidate,True,low,allowed by previous audit/metadata or feature-name heuristic; selected by Phase 6A.0 lower-bound estimator,beta_local_baseline_ratio,
beta_local_baseline_ratio__h50__baseline1s__log_divide,allowed causal feature candidate,True,low,allowed by previous audit/metadata or feature-name heuristic; selected by Phase 6A.0 lower-bound estimator,beta_local_baseline_ratio,
beta_local_baseline_ratio__h50__baseline1s__z_score_MAD,suspicious leakage or metadata,False,medium,keyword exclusion: score; selected by Phase 6A.0 lower-bound estimator; precomputed normalization-like name; cannot undo preprocessing scope,beta_local_baseline_ratio,
beta_local_baseline_ratio__h50__baseline2s__subtract_divide,allowed causal feature candidate,True,low,allowed by previous audit/metadata or feature-name heuristic; selected by Phase 6A.0 lower-bound estimator,beta_local_baseline_ratio,
beta_local_baseline_ratio__h50__baseline2s__log_divide,allowed causal feature candidate,True,low,allowed by previous audit/metadata or feature-name heuristic; selected by Phase 6A.0 lower-bound estimator,beta_local_baseline_ratio,
beta_local_baseline_ratio__h50__baseline2s__z_score_MAD,suspicious leakage or metadata,False,medium,keyword exclusion: score; selected by Phase 6A.0 lower-bound estimator; precomputed normalization-like name; cannot undo preprocessing scope,beta_local_baseline_ratio,
beta_local_baseline_ratio__h50__baseline5s__subtract_divide,allowed causal feature candidate,True,low,allowed by previous audit/metadata or feature-name heuristic,beta_local_baseline_ratio,
beta_local_baseline_ratio__h50__baseline5s__log_divide,allowed causal feature candidate,True,low,allowed by previous audit/metadata or feature-name heuristic,beta_local_baseline_ratio,
beta_local_baseline_ratio__h50__baseline5s__z_score_MAD,suspicious leakage or metadata,False,medium,keyword exclusion: score; precomputed normalization-like name; cannot undo preprocessing scope,beta_local_baseline_ratio,
beta_local_baseline_ratio__h50__baseline10s__subtract_divide,allowed causal feature candidate,True,low,allowed by previous audit/metadata or feature-name heuristic,beta_local_baseline_ratio,
beta_local_baseline_ratio__h50__baseline10s__log_divide,allowed causal feature candidate,True,low,allowed by previous audit/metadata or feature-name heuristic,beta_local_baseline_ratio,
beta_local_baseline_ratio__h50__baseline10s__z_score_MAD,suspicious leakage or metadata,False,medium,keyword exclusion: score; precomputed normalization-like name; cannot undo preprocessing scope,beta_local_baseline_ratio,
beta_local_baseline_ratio__h75__baseline1s__subtract_divide,allowed causal feature candidate,True,low,allowed by previous audit/metadata or feature-name heuristic,beta_local_baseline_ratio,
beta_local_baseline_ratio__h75__baseline1s__log_divide,allowed causal feature candidate,True,low,allowed by previous audit/metadata or feature-name heuristic,beta_local_baseline_ratio,
beta_local_baseline_ratio__h75__baseline1s__z_score_MAD,suspicious leakage or metadata,False,medium,keyword exclusion: score; precomputed normalization-like name; cannot undo preprocessing scope,beta_local_baseline_ratio,
beta_local_baseline_ratio__h75__baseline2s__subtract_divide,allowed causal feature candidate,True,low,allowed by previous audit/metadata or feature-name heuristic,beta_local_baseline_ratio,
beta_local_baseline_ratio__h75__baseline2s__log_divide,allowed causal feature candidate,True,low,allowed by previous audit/metadata or feature-name heuristic,beta_local_baseline_ratio,
beta_local_baseline_ratio__h75__baseline2s__z_score_MAD,suspicious leakage or metadata,False,medium,keyword exclusion: score; precomputed normalization-like name; cannot undo preprocessing scope,beta_local_baseline_ratio,
beta_local_baseline_ratio__h75__baseline5s__subtract_divide,allowed causal feature candidate,True,low,allowed by previous audit/metadata or feature-name heuristic,beta_local_baseline_ratio,
beta_local_baseline_ratio__h75__baseline5s__log_divide,allowed causal feature candidate,True,low,allowed by previous audit/metadata or feature-name heuristic,beta_local_baseline_ratio,
beta_local_baseline_ratio__h75__baseline5s__z_score_MAD,suspicious leakage or metadata,False,medium,keyword exclusion: score; precomputed normalization-like name; cannot undo preprocessing scope,beta_local_baseline_ratio,
beta_local_baseline_ratio__h75__baseline10s__subtract_divide,allowed causal feature candidate,True,low,allowed by previous audit/metadata or feature-name heuristic,beta_local_baseline_ratio,
beta_local_baseline_ratio__h75__baseline10s__log_divide,allowed causal feature candidate,True,low,allowed by previous audit/metadata or feature-name heuristic,beta_local_baseline_ratio,
beta_local_baseline_ratio__h75__baseline10s__z_score_MAD,suspicious leakage or metadata,False,medium,keyword exclusion: score; precomputed normalization-like name; cannot undo preprocessing scope,beta_local_baseline_ratio,
beta_local_baseline_ratio__h100__baseline1s__subtract_divide,allowed causal feature candidate,True,low,allowed by previous audit/metadata or feature-name heuristic,beta_local_baseline_ratio,
beta_local_baseline_ratio__h100__baseline1s__log_divide,allowed causal feature candidate,True,low,allowed by previous audit/metadata or feature-name heuristic,beta_local_baseline_ratio,
beta_local_baseline_ratio__h100__baseline1s__z_score_MAD,suspicious leakage or metadata,False,medium,keyword exclusion: score; precomputed normalization-like name; cannot undo preprocessing scope,beta_local_baseline_ratio,
beta_local_baseline_ratio__h100__baseline2s__subtract_divide,allowed causal feature candidate,True,low,allowed by previous audit/metadata or feature-name heuristic,beta_local_baseline_ratio,
beta_local_baseline_ratio__h100__baseline2s__log_divide,allowed causal feature candidate,True,low,allowed by previous audit/metadata or feature-name heuristic,beta_local_baseline_ratio,
beta_local_baseline_ratio__h100__baseline2s__z_score_MAD,suspicious leakage or metadata,False,medium,keyword exclusion: score; precomputed normalization-like name; cannot undo preprocessing scope,beta_local_baseline_ratio,
beta_local_baseline_ratio__h100__baseline5s__subtract_divide,allowed causal feature candidate,True,low,allowed by previous audit/metadata or feature-name heuristic,beta_local_baseline_ratio,
beta_local_baseline_ratio__h100__baseline5s__log_divide,allowed causal feature candidate,True,low,allowed by previous audit/metadata or feature-name heuristic,beta_local_baseline_ratio,
beta_local_baseline_ratio__h100__baseline5s__z_score_MAD,suspicious leakage or metadata,False,medium,keyword exclusion: score; precomputed normalization-like name; cannot undo preprocessing scope,beta_local_baseline_ratio,
beta_local_baseline_ratio__h100__baseline10s__subtract_divide,allowed causal feature candidate,True,low,allowed by previous audit/metadata or feature-name heuristic,beta_local_baseline_ratio,
beta_local_baseline_ratio__h100__baseline10s__log_divide,allowed causal feature candidate,True,low,allowed by previous audit/metadata or feature-name heuristic,beta_local_baseline_ratio,
beta_local_baseline_ratio__h100__baseline10s__z_score_MAD,suspicious leakage or metadata,False,medium,keyword exclusion: score; precomputed normalization-like name; cannot undo preprocessing scope,beta_local_baseline_ratio,
beta_local_baseline_ratio__h150__baseline1s__subtract_divide,allowed causal feature candidate,True,low,allowed by previous audit/metadata or feature-name heuristic,beta_local_baseline_ratio,
beta_local_baseline_ratio__h150__baseline1s__log_divide,allowed causal feature candidate,True,low,allowed by previous audit/metadata or feature-name heuristic,beta_local_baseline_ratio,
beta_local_baseline_ratio__h150__baseline1s__z_score_MAD,suspicious leakage or metadata,False,medium,keyword exclusion: score; precomputed normalization-like name; cannot undo preprocessing scope,beta_local_baseline_ratio,
beta_local_baseline_ratio__h150__baseline2s__subtract_divide,allowed causal feature candidate,True,low,allowed by previous audit/metadata or feature-name heuristic,beta_local_baseline_ratio,
beta_local_baseline_ratio__h150__baseline2s__log_divide,allowed causal feature candidate,True,low,allowed by previous audit/metadata or feature-name heuristic,beta_local_baseline_ratio,
beta_local_baseline_ratio__h150__baseline2s__z_score_MAD,suspicious leakage or metadata,False,medium,keyword exclusion: score; precomputed normalization-like name; cannot undo preprocessing scope,beta_local_baseline_ratio,
beta_local_baseline_ratio__h150__baseline5s__subtract_divide,allowed causal feature candidate,True,low,allowed by previous audit/metadata or feature-name heuristic,beta_local_baseline_ratio,
beta_local_baseline_ratio__h150__baseline5s__log_divide,allowed causal feature candidate,True,low,allowed by previous audit/metadata or feature-name heuristic,beta_local_baseline_ratio,
beta_local_baseline_ratio__h150__baseline5s__z_score_MAD,suspicious leakage or metadata,False,medium,keyword exclusion: score; precomputed normalization-like name; cannot undo preprocessing scope,beta_local_baseline_ratio,
beta_local_baseline_ratio__h150__baseline10s__subtract_divide,allowed causal feature candidate,True,low,allowed by previous audit/metadata or feature-name heuristic,beta_local_baseline_ratio,
beta_local_baseline_ratio__h150__baseline10s__log_divide,allowed causal feature candidate,True,low,allowed by previous audit/metadata or feature-name heuristic,beta_local_baseline_ratio,
beta_local_baseline_ratio__h150__baseline10s__z_score_MAD,suspicious leakage or metadata,False,medium,keyword exclusion: score; precomputed normalization-like name; cannot undo preprocessing scope,beta_local_baseline_ratio,
beta_local_baseline_ratio__h200__baseline1s__subtract_divide,allowed causal feature candidate,True,low,allowed by previous audit/metadata or feature-name heuristic,beta_local_baseline_ratio,
beta_local_baseline_ratio__h200__baseline1s__log_divide,allowed causal feature candidate,True,low,allowed by previous audit/metadata or feature-name heuristic,beta_local_baseline_ratio,
beta_local_baseline_ratio__h200__baseline1s__z_score_MAD,suspicious leakage or metadata,False,medium,keyword exclusion: score; precomputed normalization-like name; cannot undo preprocessing scope,beta_local_baseline_ratio,
beta_local_baseline_ratio__h200__baseline2s__subtract_divide,allowed causal feature candidate,True,low,allowed by previous audit/metadata or feature-name heuristic,beta_local_baseline_ratio,
beta_local_baseline_ratio__h200__baseline2s__log_divide,allowed causal feature candidate,True,low,allowed by previous audit/metadata or feature-name heuristic,beta_local_baseline_ratio,
beta_local_baseline_ratio__h200__baseline2s__z_score_MAD,suspicious leakage or metadata,False,medium,keyword exclusion: score; precomputed normalization-like name; cannot undo preprocessing scope,beta_local_baseline_ratio,
beta_local_baseline_ratio__h200__baseline5s__subtract_divide,allowed causal feature candidate,True,low,allowed by previous audit/metadata or feature-name heuristic,beta_local_baseline_ratio,
beta_local_baseline_ratio__h200__baseline5s__log_divide,allowed causal feature candidate,True,low,allowed by previous audit/metadata or feature-name heuristic,beta_local_baseline_ratio,
beta_local_baseline_ratio__h200__baseline5s__z_score_MAD,suspicious leakage or metadata,False,medium,keyword exclusion: score; precomputed normalization-like name; cannot undo preprocessing scope,beta_local_baseline_ratio,
beta_local_baseline_ratio__h200__baseline10s__subtract_divide,allowed causal feature candidate,True,low,allowed by previous audit/metadata or feature-name heuristic,beta_local_baseline_ratio,
beta_local_baseline_ratio__h200__baseline10s__log_divide,allowed causal feature candidate,True,low,allowed by previous audit/metadata or feature-name heuristic,beta_local_baseline_ratio,
beta_local_baseline_ratio__h200__baseline10s__z_score_MAD,suspicious leakage or metadata,False,medium,keyword exclusion: score; precomputed normalization-like name; cannot undo preprocessing scope,beta_local_baseline_ratio,
beta_local_baseline_ratio__h250__baseline1s__subtract_divide,allowed causal feature candidate,True,low,allowed by previous audit/metadata or feature-name heuristic,beta_local_baseline_ratio,
beta_local_baseline_ratio__h250__baseline1s__log_divide,allowed causal feature candidate,True,low,allowed by previous audit/metadata or feature-name heuristic,beta_local_baseline_ratio,
beta_local_baseline_ratio__h250__baseline1s__z_score_MAD,suspicious leakage or metadata,False,medium,keyword exclusion: score; precomputed normalization-like name; cannot undo preprocessing scope,beta_local_baseline_ratio,
beta_local_baseline_ratio__h250__baseline2s__subtract_divide,allowed causal feature candidate,True,low,allowed by previous audit/metadata or feature-name heuristic,beta_local_baseline_ratio,
beta_local_baseline_ratio__h250__baseline2s__log_divide,allowed causal feature candidate,True,low,allowed by previous audit/metadata or feature-name heuristic,beta_local_baseline_ratio,
beta_local_baseline_ratio__h250__baseline2s__z_score_MAD,suspicious leakage or metadata,False,medium,keyword exclusion: score; precomputed normalization-like name; cannot undo preprocessing scope,beta_local_baseline_ratio,
beta_local_baseline_ratio__h250__baseline5s__subtract_divide,allowed causal feature candidate,True,low,allowed by previous audit/metadata or feature-name heuristic,beta_local_baseline_ratio,
beta_local_baseline_ratio__h250__baseline5s__log_divide,allowed causal feature candidate,True,low,allowed by previous audit/metadata or feature-name heuristic,beta_local_baseline_ratio,
beta_local_baseline_ratio__h250__baseline5s__z_score_MAD,suspicious leakage or metadata,False,medium,keyword exclusion: score; precomputed normalization-like name; cannot undo preprocessing scope,beta_local_baseline_ratio,
beta_local_baseline_ratio__h250__baseline10s__subtract_divide,allowed causal feature candidate,True,low,allowed by previous audit/metadata or feature-name heuristic,beta_local_baseline_ratio,
beta_local_baseline_ratio__h250__baseline10s__log_divide,allowed causal feature candidate,True,low,allowed by previous audit/metadata or feature-name heuristic,beta_local_baseline_ratio,
beta_local_baseline_ratio__h250__baseline10s__z_score_MAD,suspicious leakage or metadata,False,medium,keyword exclusion: score; precomputed normalization-like name; cannot undo preprocessing scope,beta_local_baseline_ratio,
beta_local_baseline_ratio__h300__baseline1s__subtract_divide,allowed causal feature candidate,True,low,allowed by previous audit/metadata or feature-name heuristic,beta_local_baseline_ratio,
beta_local_baseline_ratio__h300__baseline1s__log_divide,allowed causal feature candidate,True,low,allowed by previous audit/metadata or feature-name heuristic,beta_local_baseline_ratio,
beta_local_baseline_ratio__h300__baseline1s__z_score_MAD,suspicious leakage or metadata,False,medium,keyword exclusion: score; precomputed normalization-like name; cannot undo preprocessing scope,beta_local_baseline_ratio,
beta_local_baseline_ratio__h300__baseline2s__subtract_divide,allowed causal feature candidate,True,low,allowed by previous audit/metadata or feature-name heuristic,beta_local_baseline_ratio,
beta_local_baseline_ratio__h300__baseline2s__log_divide,allowed causal feature candidate,True,low,allowed by previous audit/metadata or feature-name heuristic,beta_local_baseline_ratio,
beta_local_baseline_ratio__h300__baseline2s__z_score_MAD,suspicious leakage or metadata,False,medium,keyword exclusion: score; precomputed normalization-like name; cannot undo preprocessing scope,beta_local_baseline_ratio,
beta_local_baseline_ratio__h300__baseline5s__subtract_divide,allowed causal feature candidate,True,low,allowed by previous audit/metadata or feature-name heuristic,beta_local_baseline_ratio,
beta_local_baseline_ratio__h300__baseline5s__log_divide,allowed causal feature candidate,True,low,allowed by previous audit/metadata or feature-name heuristic,beta_local_baseline_ratio,
beta_local_baseline_ratio__h300__baseline5s__z_score_MAD,suspicious leakage or metadata,False,medium,keyword exclusion: score; precomputed normalization-like name; cannot undo preprocessing scope,beta_local_baseline_ratio,
beta_local_baseline_ratio__h300__baseline10s__subtract_divide,allowed causal feature candidate,True,low,allowed by previous audit/metadata or feature-name heuristic,beta_local_baseline_ratio,
beta_local_baseline_ratio__h300__baseline10s__log_divide,allowed causal feature candidate,True,low,allowed by previous audit/metadata or feature-name heuristic,beta_local_baseline_ratio,
beta_local_baseline_ratio__h300__baseline10s__z_score_MAD,suspicious leakage or metadata,False,medium,keyword exclusion: score; precomputed normalization-like name; cannot undo preprocessing scope,beta_local_baseline_ratio,
beta_local_baseline_ratio__h400__baseline1s__subtract_divide,allowed causal feature candidate,True,low,allowed by previous audit/metadata or feature-name heuristic,beta_local_baseline_ratio,
beta_local_baseline_ratio__h400__baseline1s__log_divide,allowed causal feature candidate,True,low,allowed by previous audit/metadata or feature-name heuristic,beta_local_baseline_ratio,
beta_local_baseline_ratio__h400__baseline1s__z_score_MAD,suspicious leakage or metadata,False,medium,keyword exclusion: score; precomputed normalization-like name; cannot undo preprocessing scope,beta_local_baseline_ratio,
beta_local_baseline_ratio__h400__baseline2s__subtract_divide,allowed causal feature candidate,True,low,allowed by previous audit/metadata or feature-name heuristic,beta_local_baseline_ratio,
beta_local_baseline_ratio__h400__baseline2s__log_divide,allowed causal feature candidate,True,low,allowed by previous audit/metadata or feature-name heuristic,beta_local_baseline_ratio,
beta_local_baseline_ratio__h400__baseline2s__z_score_MAD,suspicious leakage or metadata,False,medium,keyword exclusion: score; precomputed normalization-like name; cannot undo preprocessing scope,beta_local_baseline_ratio,
beta_local_baseline_ratio__h400__baseline5s__subtract_divide,allowed causal feature candidate,True,low,allowed by previous audit/metadata or feature-name heuristic,beta_local_baseline_ratio,
beta_local_baseline_ratio__h400__baseline5s__log_divide,allowed causal feature candidate,True,low,allowed by previous audit/metadata or feature-name heuristic,beta_local_baseline_ratio,
beta_local_baseline_ratio__h400__baseline5s__z_score_MAD,suspicious leakage or metadata,False,medium,keyword exclusion: score; precomputed normalization-like name; cannot undo preprocessing scope,beta_local_baseline_ratio,
beta_local_baseline_ratio__h400__baseline10s__subtract_divide,allowed causal feature candidate,True,low,allowed by previous audit/metadata or feature-name heuristic,beta_local_baseline_ratio,
beta_local_baseline_ratio__h400__baseline10s__log_divide,allowed causal feature candidate,True,low,allowed by previous audit/metadata or feature-name heuristic,beta_local_baseline_ratio,
beta_local_baseline_ratio__h400__baseline10s__z_score_MAD,suspicious leakage or metadata,False,medium,keyword exclusion: score; precomputed normalization-like name; cannot undo preprocessing scope,beta_local_baseline_ratio,
beta_local_baseline_ratio__h500__baseline1s__subtract_divide,allowed causal feature candidate,True,low,allowed by previous audit/metadata or feature-name heuristic,beta_local_baseline_ratio,
beta_local_baseline_ratio__h500__baseline1s__log_divide,allowed causal feature candidate,True,low,allowed by previous audit/metadata or feature-name heuristic,beta_local_baseline_ratio,
beta_local_baseline_ratio__h500__baseline1s__z_score_MAD,suspicious leakage or metadata,False,medium,keyword exclusion: score; precomputed normalization-like name; cannot undo preprocessing scope,beta_local_baseline_ratio,
beta_local_baseline_ratio__h500__baseline2s__subtract_divide,allowed causal feature candidate,True,low,allowed by previous audit/metadata or feature-name heuristic,beta_local_baseline_ratio,
beta_local_baseline_ratio__h500__baseline2s__log_divide,allowed causal feature candidate,True,low,allowed by previous audit/metadata or feature-name heuristic,beta_local_baseline_ratio,
beta_local_baseline_ratio__h500__baseline2s__z_score_MAD,suspicious leakage or metadata,False,medium,keyword exclusion: score; precomputed normalization-like name; cannot undo preprocessing scope,beta_local_baseline_ratio,
beta_local_baseline_ratio__h500__baseline5s__subtract_divide,allowed causal feature candidate,True,low,allowed by previous audit/metadata or feature-name heuristic,beta_local_baseline_ratio,
beta_local_baseline_ratio__h500__baseline5s__log_divide,allowed causal feature candidate,True,low,allowed by previous audit/metadata or feature-name heuristic,beta_local_baseline_ratio,
beta_local_baseline_ratio__h500__baseline5s__z_score_MAD,suspicious leakage or metadata,False,medium,keyword exclusion: score; precomputed normalization-like name; cannot undo preprocessing scope,beta_local_baseline_ratio,
beta_local_baseline_ratio__h500__baseline10s__subtract_divide,allowed causal feature candidate,True,low,allowed by previous audit/metadata or feature-name heuristic,beta_local_baseline_ratio,
beta_local_baseline_ratio__h500__baseline10s__log_divide,allowed causal feature candidate,True,low,allowed by previous audit/metadata or feature-name heuristic,beta_local_baseline_ratio,
beta_local_baseline_ratio__h500__baseline10s__z_score_MAD,suspicious leakage or metadata,False,medium,keyword exclusion: score; precomputed normalization-like name; cannot undo preprocessing scope,beta_local_baseline_ratio,
beta_local_baseline_ratio__h750__baseline1s__subtract_divide,allowed causal feature candidate,True,low,allowed by previous audit/metadata or feature-name heuristic,beta_local_baseline_ratio,
beta_local_baseline_ratio__h750__baseline1s__log_divide,allowed causal feature candidate,True,low,allowed by previous audit/metadata or feature-name heuristic,beta_local_baseline_ratio,
beta_local_baseline_ratio__h750__baseline1s__z_score_MAD,suspicious leakage or metadata,False,medium,keyword exclusion: score; precomputed normalization-like name; cannot undo preprocessing scope,beta_local_baseline_ratio,
beta_local_baseline_ratio__h750__baseline2s__subtract_divide,allowed causal feature candidate,True,low,allowed by previous audit/metadata or feature-name heuristic,beta_local_baseline_ratio,
beta_local_baseline_ratio__h750__baseline2s__log_divide,allowed causal feature candidate,True,low,allowed by previous audit/metadata or feature-name heuristic,beta_local_baseline_ratio,
beta_local_baseline_ratio__h750__baseline2s__z_score_MAD,suspicious leakage or metadata,False,medium,keyword exclusion: score; precomputed normalization-like name; cannot undo preprocessing scope,beta_local_baseline_ratio,
beta_local_baseline_ratio__h750__baseline5s__subtract_divide,allowed causal feature candidate,True,low,allowed by previous audit/metadata or feature-name heuristic,beta_local_baseline_ratio,
beta_local_baseline_ratio__h750__baseline5s__log_divide,allowed causal feature candidate,True,low,allowed by previous audit/metadata or feature-name heuristic,beta_local_baseline_ratio,
beta_local_baseline_ratio__h750__baseline5s__z_score_MAD,suspicious leakage or metadata,False,medium,keyword exclusion: score; precomputed normalization-like name; cannot undo preprocessing scope,beta_local_baseline_ratio,
beta_local_baseline_ratio__h750__baseline10s__subtract_divide,allowed causal feature candidate,True,low,allowed by previous audit/metadata or feature-name heuristic,beta_local_baseline_ratio,
beta_local_baseline_ratio__h750__baseline10s__log_divide,allowed causal feature candidate,True,low,allowed by previous audit/metadata or feature-name heuristic,beta_local_baseline_ratio,
beta_local_baseline_ratio__h750__baseline10s__z_score_MAD,suspicious leakage or metadata,False,medium,keyword exclusion: score; precomputed normalization-like name; cannot undo preprocessing scope,beta_local_baseline_ratio,
beta_local_baseline_ratio__h1000__baseline1s__subtract_divide,allowed causal feature candidate,True,low,allowed by previous audit/metadata or feature-name heuristic,beta_local_baseline_ratio,
beta_local_baseline_ratio__h1000__baseline1s__log_divide,allowed causal feature candidate,True,low,allowed by previous audit/metadata or feature-name heuristic,beta_local_baseline_ratio,
beta_local_baseline_ratio__h1000__baseline1s__z_score_MAD,suspicious leakage or metadata,False,medium,keyword exclusion: score; precomputed normalization-like name; cannot undo preprocessing scope,beta_local_baseline_ratio,
beta_local_baseline_ratio__h1000__baseline2s__subtract_divide,allowed causal feature candidate,True,low,allowed by previous audit/metadata or feature-name heuristic,beta_local_baseline_ratio,
beta_local_baseline_ratio__h1000__baseline2s__log_divide,allowed causal feature candidate,True,low,allowed by previous audit/metadata or feature-name heuristic,beta_local_baseline_ratio,
beta_local_baseline_ratio__h1000__baseline2s__z_score_MAD,suspicious leakage or metadata,False,medium,keyword exclusion: score; precomputed normalization-like name; cannot undo preprocessing scope,beta_local_baseline_ratio,
beta_local_baseline_ratio__h1000__baseline5s__subtract_divide,allowed causal feature candidate,True,low,allowed by previous audit/metadata or feature-name heuristic,beta_local_baseline_ratio,
beta_local_baseline_ratio__h1000__baseline5s__log_divide,allowed causal feature candidate,True,low,allowed by previous audit/metadata or feature-name heuristic,beta_local_baseline_ratio,
beta_local_baseline_ratio__h1000__baseline5s__z_score_MAD,suspicious leakage or metadata,False,medium,keyword exclusion: score; precomputed normalization-like name; cannot undo preprocessing scope,beta_local_baseline_ratio,
beta_local_baseline_ratio__h1000__baseline10s__subtract_divide,allowed causal feature candidate,True,low,allowed by previous audit/metadata or feature-name heuristic,beta_local_baseline_ratio,
beta_local_baseline_ratio__h1000__baseline10s__log_divide,allowed causal feature candidate,True,low,allowed by previous audit/metadata or feature-name heuristic,beta_local_baseline_ratio,
beta_local_baseline_ratio__h1000__baseline10s__z_score_MAD,suspicious leakage or metadata,False,medium,keyword exclusion: score; precomputed normalization-like name; cannot undo preprocessing scope,beta_local_baseline_ratio,
causal_derivative_on_count__h10__smooth5ms__p75,allowed causal feature candidate,True,low,allowed by previous audit/metadata or feature-name heuristic; selected by Phase 6A.0 lower-bound estimator,causal_h25_derivative_on_count,
causal_rise_slope__h10__smooth5ms__p75,allowed causal feature candidate,True,low,allowed by previous audit/metadata or feature-name heuristic; selected by Phase 6A.0 lower-bound estimator,causal_h25_rise_slope,
causal_derivative_on_count__h10__smooth5ms__p85,allowed causal feature candidate,True,low,allowed by previous audit/metadata or feature-name heuristic; selected by Phase 6A.0 lower-bound estimator,causal_h25_derivative_on_count,
causal_rise_slope__h10__smooth5ms__p85,allowed causal feature candidate,True,low,allowed by previous audit/metadata or feature-name heuristic; selected by Phase 6A.0 lower-bound estimator,causal_h25_rise_slope,
causal_derivative_on_count__h10__smooth5ms__p95,allowed causal feature candidate,True,low,allowed by previous audit/metadata or feature-name heuristic; selected by Phase 6A.0 lower-bound estimator,causal_h25_derivative_on_count,
causal_rise_slope__h10__smooth5ms__p95,allowed causal feature candidate,True,low,allowed by previous audit/metadata or feature-name heuristic; selected by Phase 6A.0 lower-bound estimator,causal_h25_rise_slope,
causal_derivative_on_count__h10__smooth10ms__p75,allowed causal feature candidate,True,low,allowed by previous audit/metadata or feature-name heuristic; selected by Phase 6A.0 lower-bound estimator,causal_h25_derivative_on_count,
causal_rise_slope__h10__smooth10ms__p75,allowed causal feature candidate,True,low,allowed by previous audit/metadata or feature-name heuristic; selected by Phase 6A.0 lower-bound estimator,causal_h25_rise_slope,
causal_derivative_on_count__h10__smooth10ms__p85,allowed causal feature candidate,True,low,allowed by previous audit/metadata or feature-name heuristic; selected by Phase 6A.0 lower-bound estimator,causal_h25_derivative_on_count,
causal_rise_slope__h10__smooth10ms__p85,allowed causal feature candidate,True,low,allowed by previous audit/metadata or feature-name heuristic; selected by Phase 6A.0 lower-bound estimator,causal_h25_rise_slope,
causal_derivative_on_count__h10__smooth10ms__p95,allowed causal feature candidate,True,low,allowed by previous audit/metadata or feature-name heuristic; selected by Phase 6A.0 lower-bound estimator,causal_h25_derivative_on_count,
causal_rise_slope__h10__smooth10ms__p95,allowed causal feature candidate,True,low,allowed by previous audit/metadata or feature-name heuristic; selected by Phase 6A.0 lower-bound estimator,causal_h25_rise_slope,
causal_derivative_on_count__h10__smooth25ms__p75,allowed causal feature candidate,True,low,allowed by previous audit/metadata or feature-name heuristic; selected by Phase 6A.0 lower-bound estimator,causal_h25_derivative_on_count,
causal_rise_slope__h10__smooth25ms__p75,allowed causal feature candidate,True,low,allowed by previous audit/metadata or feature-name heuristic; selected by Phase 6A.0 lower-bound estimator,causal_h25_rise_slope,
causal_derivative_on_count__h10__smooth25ms__p85,allowed causal feature candidate,True,low,allowed by previous audit/metadata or feature-name heuristic; selected by Phase 6A.0 lower-bound estimator,causal_h25_derivative_on_count,
causal_rise_slope__h10__smooth25ms__p85,allowed causal feature candidate,True,low,allowed by previous audit/metadata or feature-name heuristic; selected by Phase 6A.0 lower-bound estimator,causal_h25_rise_slope,
causal_derivative_on_count__h10__smooth25ms__p95,allowed causal feature candidate,True,low,allowed by previous audit/metadata or feature-name heuristic; selected by Phase 6A.0 lower-bound estimator,causal_h25_derivative_on_count,
causal_rise_slope__h10__smooth25ms__p95,allowed causal feature candidate,True,low,allowed by previous audit/metadata or feature-name heuristic; selected by Phase 6A.0 lower-bound estimator,causal_h25_rise_slope,
causal_derivative_on_count__h10__smooth50ms__p75,allowed causal feature candidate,True,low,allowed by previous audit/metadata or feature-name heuristic; selected by Phase 6A.0 lower-bound estimator,causal_h25_derivative_on_count,
causal_rise_slope__h10__smooth50ms__p75,allowed causal feature candidate,True,low,allowed by previous audit/metadata or feature-name heuristic; selected by Phase 6A.0 lower-bound estimator,causal_h25_rise_slope,
causal_derivative_on_count__h10__smooth50ms__p85,allowed causal feature candidate,True,low,allowed by previous audit/metadata or feature-name heuristic; selected by Phase 6A.0 lower-bound estimator,causal_h25_derivative_on_count,
causal_rise_slope__h10__smooth50ms__p85,allowed causal feature candidate,True,low,allowed by previous audit/metadata or feature-name heuristic; selected by Phase 6A.0 lower-bound estimator,causal_h25_rise_slope,
causal_derivative_on_count__h10__smooth50ms__p95,allowed causal feature candidate,True,low,allowed by previous audit/metadata or feature-name heuristic; selected by Phase 6A.0 lower-bound estimator,causal_h25_derivative_on_count,
causal_rise_slope__h10__smooth50ms__p95,allowed causal feature candidate,True,low,allowed by previous audit/metadata or feature-name heuristic; selected by Phase 6A.0 lower-bound estimator,causal_h25_rise_slope,
causal_derivative_on_count__h25__smooth5ms__p75,allowed causal feature candidate,True,low,allowed by previous audit/metadata or feature-name heuristic; selected by Phase 6A.0 lower-bound estimator,causal_h25_derivative_on_count,
causal_rise_slope__h25__smooth5ms__p75,allowed causal feature candidate,True,low,allowed by previous audit/metadata or feature-name heuristic; selected by Phase 6A.0 lower-bound estimator,causal_h25_rise_slope,
causal_derivative_on_count__h25__smooth5ms__p85,allowed causal feature candidate,True,low,allowed by previous audit/metadata or feature-name heuristic; selected by Phase 6A.0 lower-bound estimator,causal_h25_derivative_on_count,
causal_rise_slope__h25__smooth5ms__p85,allowed causal feature candidate,True,low,allowed by previous audit/metadata or feature-name heuristic; selected by Phase 6A.0 lower-bound estimator,causal_h25_rise_slope,
causal_derivative_on_count__h25__smooth5ms__p95,allowed causal feature candidate,True,low,allowed by previous audit/metadata or feature-name heuristic; selected by Phase 6A.0 lower-bound estimator,causal_h25_derivative_on_count,
causal_rise_slope__h25__smooth5ms__p95,allowed causal feature candidate,True,low,allowed by previous audit/metadata or feature-name heuristic; selected by Phase 6A.0 lower-bound estimator,causal_h25_rise_slope,
causal_derivative_on_count__h25__smooth10ms__p75,allowed causal feature candidate,True,low,allowed by previous audit/metadata or feature-name heuristic; selected by Phase 6A.0 lower-bound estimator,causal_h25_derivative_on_count,
causal_rise_slope__h25__smooth10ms__p75,allowed causal feature candidate,True,low,allowed by previous audit/metadata or feature-name heuristic; selected by Phase 6A.0 lower-bound estimator,causal_h25_rise_slope,
causal_derivative_on_count__h25__smooth10ms__p85,allowed causal feature candidate,True,low,allowed by previous audit/metadata or feature-name heuristic; selected by Phase 6A.0 lower-bound estimator,causal_h25_derivative_on_count,
causal_rise_slope__h25__smooth10ms__p85,allowed causal feature candidate,True,low,allowed by previous audit/metadata or feature-name heuristic; selected by Phase 6A.0 lower-bound estimator,causal_h25_rise_slope,
causal_derivative_on_count__h25__smooth10ms__p95,allowed causal feature candidate,True,low,allowed by previous audit/metadata or feature-name heuristic; selected by Phase 6A.0 lower-bound estimator,causal_h25_derivative_on_count,
causal_rise_slope__h25__smooth10ms__p95,allowed causal feature candidate,True,low,allowed by previous audit/metadata or feature-name heuristic; selected by Phase 6A.0 lower-bound estimator,causal_h25_rise_slope,
causal_derivative_on_count__h25__smooth25ms__p75,allowed causal feature candidate,True,low,allowed by previous audit/metadata or feature-name heuristic,causal_h25_derivative_on_count,
causal_rise_slope__h25__smooth25ms__p75,allowed causal feature candidate,True,low,allowed by previous audit/metadata or feature-name heuristic,causal_h25_rise_slope,
causal_derivative_on_count__h25__smooth25ms__p85,allowed causal feature candidate,True,low,allowed by previous audit/metadata or feature-name heuristic,causal_h25_derivative_on_count,
causal_rise_slope__h25__smooth25ms__p85,allowed causal feature candidate,True,low,allowed by previous audit/metadata or feature-name heuristic,causal_h25_rise_slope,
causal_derivative_on_count__h25__smooth25ms__p95,allowed causal feature candidate,True,low,allowed by previous audit/metadata or feature-name heuristic,causal_h25_derivative_on_count,
causal_rise_slope__h25__smooth25ms__p95,allowed causal feature candidate,True,low,allowed by previous audit/metadata or feature-name heuristic,causal_h25_rise_slope,
causal_derivative_on_count__h25__smooth50ms__p75,allowed causal feature candidate,True,low,allowed by previous audit/metadata or feature-name heuristic,causal_h25_derivative_on_count,
causal_rise_slope__h25__smooth50ms__p75,allowed causal feature candidate,True,low,allowed by previous audit/metadata or feature-name heuristic,causal_h25_rise_slope,
causal_derivative_on_count__h25__smooth50ms__p85,allowed causal feature candidate,True,low,allowed by previous audit/metadata or feature-name heuristic,causal_h25_derivative_on_count,
causal_rise_slope__h25__smooth50ms__p85,allowed causal feature candidate,True,low,allowed by previous audit/metadata or feature-name heuristic,causal_h25_rise_slope,
causal_derivative_on_count__h25__smooth50ms__p95,allowed causal feature candidate,True,low,allowed by previous audit/metadata or feature-name heuristic,causal_h25_derivative_on_count,
causal_rise_slope__h25__smooth50ms__p95,allowed causal feature candidate,True,low,allowed by previous audit/metadata or feature-name heuristic,causal_h25_rise_slope,
causal_derivative_on_count__h50__smooth5ms__p75,allowed causal feature candidate,True,low,allowed by previous audit/metadata or feature-name heuristic,causal_h25_derivative_on_count,
causal_rise_slope__h50__smooth5ms__p75,allowed causal feature candidate,True,low,allowed by previous audit/metadata or feature-name heuristic,causal_h25_rise_slope,
causal_derivative_on_count__h50__smooth5ms__p85,allowed causal feature candidate,True,low,allowed by previous audit/metadata or feature-name heuristic,causal_h25_derivative_on_count,
causal_rise_slope__h50__smooth5ms__p85,allowed causal feature candidate,True,low,allowed by previous audit/metadata or feature-name heuristic,causal_h25_rise_slope,
causal_derivative_on_count__h50__smooth5ms__p95,allowed causal feature candidate,True,low,allowed by previous audit/metadata or feature-name heuristic,causal_h25_derivative_on_count,
causal_rise_slope__h50__smooth5ms__p95,allowed causal feature candidate,True,low,allowed by previous audit/metadata or feature-name heuristic,causal_h25_rise_slope,
causal_derivative_on_count__h50__smooth10ms__p75,allowed causal feature candidate,True,low,allowed by previous audit/metadata or feature-name heuristic,causal_h25_derivative_on_count,
causal_rise_slope__h50__smooth10ms__p75,allowed causal feature candidate,True,low,allowed by previous audit/metadata or feature-name heuristic,causal_h25_rise_slope,
causal_derivative_on_count__h50__smooth10ms__p85,allowed causal feature candidate,True,low,allowed by previous audit/metadata or feature-name heuristic,causal_h25_derivative_on_count,
causal_rise_slope__h50__smooth10ms__p85,allowed causal feature candidate,True,low,allowed by previous audit/metadata or feature-name heuristic,causal_h25_rise_slope,
causal_derivative_on_count__h50__smooth10ms__p95,allowed causal feature candidate,True,low,allowed by previous audit/metadata or feature-name heuristic,causal_h25_derivative_on_count,
causal_rise_slope__h50__smooth10ms__p95,allowed causal feature candidate,True,low,allowed by previous audit/metadata or feature-name heuristic,causal_h25_rise_slope,
causal_derivative_on_count__h50__smooth25ms__p75,allowed causal feature candidate,True,low,allowed by previous audit/metadata or feature-name heuristic,causal_h25_derivative_on_count,
causal_rise_slope__h50__smooth25ms__p75,allowed causal feature candidate,True,low,allowed by previous audit/metadata or feature-name heuristic,causal_h25_rise_slope,
causal_derivative_on_count__h50__smooth25ms__p85,allowed causal feature candidate,True,low,allowed by previous audit/metadata or feature-name heuristic,causal_h25_derivative_on_count,
causal_rise_slope__h50__smooth25ms__p85,allowed causal feature candidate,True,low,allowed by previous audit/metadata or feature-name heuristic,causal_h25_rise_slope,
causal_derivative_on_count__h50__smooth25ms__p95,allowed causal feature candidate,True,low,allowed by previous audit/metadata or feature-name heuristic,causal_h25_derivative_on_count,
causal_rise_slope__h50__smooth25ms__p95,allowed causal feature candidate,True,low,allowed by previous audit/metadata or feature-name heuristic,causal_h25_rise_slope,
causal_derivative_on_count__h50__smooth50ms__p75,allowed causal feature candidate,True,low,allowed by previous audit/metadata or feature-name heuristic,causal_h25_derivative_on_count,
causal_rise_slope__h50__smooth50ms__p75,allowed causal feature candidate,True,low,allowed by previous audit/metadata or feature-name heuristic,causal_h25_rise_slope,
causal_derivative_on_count__h50__smooth50ms__p85,allowed causal feature candidate,True,low,allowed by previous audit/metadata or feature-name heuristic,causal_h25_derivative_on_count,
causal_rise_slope__h50__smooth50ms__p85,allowed causal feature candidate,True,low,allowed by previous audit/metadata or feature-name heuristic,causal_h25_rise_slope,
causal_derivative_on_count__h50__smooth50ms__p95,allowed causal feature candidate,True,low,allowed by previous audit/metadata or feature-name heuristic,causal_h25_derivative_on_count,
causal_rise_slope__h50__smooth50ms__p95,allowed causal feature candidate,True,low,allowed by previous audit/metadata or feature-name heuristic,causal_h25_rise_slope,
causal_derivative_on_count__h75__smooth5ms__p75,allowed causal feature candidate,True,low,allowed by previous audit/metadata or feature-name heuristic,causal_h25_derivative_on_count,
causal_rise_slope__h75__smooth5ms__p75,allowed causal feature candidate,True,low,allowed by previous audit/metadata or feature-name heuristic,causal_h25_rise_slope,
causal_derivative_on_count__h75__smooth5ms__p85,allowed causal feature candidate,True,low,allowed by previous audit/metadata or feature-name heuristic,causal_h25_derivative_on_count,
causal_rise_slope__h75__smooth5ms__p85,allowed causal feature candidate,True,low,allowed by previous audit/metadata or feature-name heuristic,causal_h25_rise_slope,
causal_derivative_on_count__h75__smooth5ms__p95,allowed causal feature candidate,True,low,allowed by previous audit/metadata or feature-name heuristic,causal_h25_derivative_on_count,
causal_rise_slope__h75__smooth5ms__p95,allowed causal feature candidate,True,low,allowed by previous audit/metadata or feature-name heuristic,causal_h25_rise_slope,
causal_derivative_on_count__h75__smooth10ms__p75,allowed causal feature candidate,True,low,allowed by previous audit/metadata or feature-name heuristic,causal_h25_derivative_on_count,
causal_rise_slope__h75__smooth10ms__p75,allowed causal feature candidate,True,low,allowed by previous audit/metadata or feature-name heuristic,causal_h25_rise_slope,
causal_derivative_on_count__h75__smooth10ms__p85,allowed causal feature candidate,True,low,allowed by previous audit/metadata or feature-name heuristic,causal_h25_derivative_on_count,
causal_rise_slope__h75__smooth10ms__p85,allowed causal feature candidate,True,low,allowed by previous audit/metadata or feature-name heuristic,causal_h25_rise_slope,
causal_derivative_on_count__h75__smooth10ms__p95,allowed causal feature candidate,True,low,allowed by previous audit/metadata or feature-name heuristic,causal_h25_derivative_on_count,
causal_rise_slope__h75__smooth10ms__p95,allowed causal feature candidate,True,low,allowed by previous audit/metadata or feature-name heuristic,causal_h25_rise_slope,
causal_derivative_on_count__h75__smooth25ms__p75,allowed causal feature candidate,True,low,allowed by previous audit/metadata or feature-name heuristic,causal_h25_derivative_on_count,
causal_rise_slope__h75__smooth25ms__p75,allowed causal feature candidate,True,low,allowed by previous audit/metadata or feature-name heuristic,causal_h25_rise_slope,
causal_derivative_on_count__h75__smooth25ms__p85,allowed causal feature candidate,True,low,allowed by previous audit/metadata or feature-name heuristic,causal_h25_derivative_on_count,
causal_rise_slope__h75__smooth25ms__p85,allowed causal feature candidate,True,low,allowed by previous audit/metadata or feature-name heuristic,causal_h25_rise_slope,
causal_derivative_on_count__h75__smooth25ms__p95,allowed causal feature candidate,True,low,allowed by previous audit/metadata or feature-name heuristic,causal_h25_derivative_on_count,
causal_rise_slope__h75__smooth25ms__p95,allowed causal feature candidate,True,low,allowed by previous audit/metadata or feature-name heuristic,causal_h25_rise_slope,
causal_derivative_on_count__h75__smooth50ms__p75,allowed causal feature candidate,True,low,allowed by previous audit/metadata or feature-name heuristic,causal_h25_derivative_on_count,
causal_rise_slope__h75__smooth50ms__p75,allowed causal feature candidate,True,low,allowed by previous audit/metadata or feature-name heuristic,causal_h25_rise_slope,
causal_derivative_on_count__h75__smooth50ms__p85,allowed causal feature candidate,True,low,allowed by previous audit/metadata or feature-name heuristic,causal_h25_derivative_on_count,
causal_rise_slope__h75__smooth50ms__p85,allowed causal feature candidate,True,low,allowed by previous audit/metadata or feature-name heuristic,causal_h25_rise_slope,
causal_derivative_on_count__h75__smooth50ms__p95,allowed causal feature candidate,True,low,allowed by previous audit/metadata or feature-name heuristic,causal_h25_derivative_on_count,
causal_rise_slope__h75__smooth50ms__p95,allowed causal feature candidate,True,low,allowed by previous audit/metadata or feature-name heuristic,causal_h25_rise_slope,
causal_derivative_on_count__h100__smooth5ms__p75,allowed causal feature candidate,True,low,allowed by previous audit/metadata or feature-name heuristic,causal_h25_derivative_on_count,
causal_rise_slope__h100__smooth5ms__p75,allowed causal feature candidate,True,low,allowed by previous audit/metadata or feature-name heuristic,causal_h25_rise_slope,
causal_derivative_on_count__h100__smooth5ms__p85,allowed causal feature candidate,True,low,allowed by previous audit/metadata or feature-name heuristic,causal_h25_derivative_on_count,
causal_rise_slope__h100__smooth5ms__p85,allowed causal feature candidate,True,low,allowed by previous audit/metadata or feature-name heuristic,causal_h25_rise_slope,
causal_derivative_on_count__h100__smooth5ms__p95,allowed causal feature candidate,True,low,allowed by previous audit/metadata or feature-name heuristic,causal_h25_derivative_on_count,
causal_rise_slope__h100__smooth5ms__p95,allowed causal feature candidate,True,low,allowed by previous audit/metadata or feature-name heuristic,causal_h25_rise_slope,
causal_derivative_on_count__h100__smooth10ms__p75,allowed causal feature candidate,True,low,allowed by previous audit/metadata or feature-name heuristic,causal_h25_derivative_on_count,
causal_rise_slope__h100__smooth10ms__p75,allowed causal feature candidate,True,low,allowed by previous audit/metadata or feature-name heuristic,causal_h25_rise_slope,
causal_derivative_on_count__h100__smooth10ms__p85,allowed causal feature candidate,True,low,allowed by previous audit/metadata or feature-name heuristic,causal_h25_derivative_on_count,
causal_rise_slope__h100__smooth10ms__p85,allowed causal feature candidate,True,low,allowed by previous audit/metadata or feature-name heuristic,causal_h25_rise_slope,
causal_derivative_on_count__h100__smooth10ms__p95,allowed causal feature candidate,True,low,allowed by previous audit/metadata or feature-name heuristic,causal_h25_derivative_on_count,
causal_rise_slope__h100__smooth10ms__p95,allowed causal feature candidate,True,low,allowed by previous audit/metadata or feature-name heuristic,causal_h25_rise_slope,
causal_derivative_on_count__h100__smooth25ms__p75,allowed causal feature candidate,True,low,allowed by previous audit/metadata or feature-name heuristic,causal_h25_derivative_on_count,
causal_rise_slope__h100__smooth25ms__p75,allowed causal feature candidate,True,low,allowed by previous audit/metadata or feature-name heuristic,causal_h25_rise_slope,
causal_derivative_on_count__h100__smooth25ms__p85,allowed causal feature candidate,True,low,allowed by previous audit/metadata or feature-name heuristic,causal_h25_derivative_on_count,
causal_rise_slope__h100__smooth25ms__p85,allowed causal feature candidate,True,low,allowed by previous audit/metadata or feature-name heuristic,causal_h25_rise_slope,
causal_derivative_on_count__h100__smooth25ms__p95,allowed causal feature candidate,True,low,allowed by previous audit/metadata or feature-name heuristic,causal_h25_derivative_on_count,
causal_rise_slope__h100__smooth25ms__p95,allowed causal feature candidate,True,low,allowed by previous audit/metadata or feature-name heuristic,causal_h25_rise_slope,
causal_derivative_on_count__h100__smooth50ms__p75,allowed causal feature candidate,True,low,allowed by previous audit/metadata or feature-name heuristic,causal_h25_derivative_on_count,
causal_rise_slope__h100__smooth50ms__p75,allowed causal feature candidate,True,low,allowed by previous audit/metadata or feature-name heuristic,causal_h25_rise_slope,
causal_derivative_on_count__h100__smooth50ms__p85,allowed causal feature candidate,True,low,allowed by previous audit/metadata or feature-name heuristic,causal_h25_derivative_on_count,
causal_rise_slope__h100__smooth50ms__p85,allowed causal feature candidate,True,low,allowed by previous audit/metadata or feature-name heuristic,causal_h25_rise_slope,
causal_derivative_on_count__h100__smooth50ms__p95,allowed causal feature candidate,True,low,allowed by previous audit/metadata or feature-name heuristic,causal_h25_derivative_on_count,
causal_rise_slope__h100__smooth50ms__p95,allowed causal feature candidate,True,low,allowed by previous audit/metadata or feature-name heuristic,causal_h25_rise_slope,
causal_derivative_on_count__h150__smooth5ms__p75,allowed causal feature candidate,True,low,allowed by previous audit/metadata or feature-name heuristic,causal_h25_derivative_on_count,
causal_rise_slope__h150__smooth5ms__p75,allowed causal feature candidate,True,low,allowed by previous audit/metadata or feature-name heuristic,causal_h25_rise_slope,
causal_derivative_on_count__h150__smooth5ms__p85,allowed causal feature candidate,True,low,allowed by previous audit/metadata or feature-name heuristic,causal_h25_derivative_on_count,
causal_rise_slope__h150__smooth5ms__p85,allowed causal feature candidate,True,low,allowed by previous audit/metadata or feature-name heuristic,causal_h25_rise_slope,
causal_derivative_on_count__h150__smooth5ms__p95,allowed causal feature candidate,True,low,allowed by previous audit/metadata or feature-name heuristic,causal_h25_derivative_on_count,
causal_rise_slope__h150__smooth5ms__p95,allowed causal feature candidate,True,low,allowed by previous audit/metadata or feature-name heuristic,causal_h25_rise_slope,
causal_derivative_on_count__h150__smooth10ms__p75,allowed causal feature candidate,True,low,allowed by previous audit/metadata or feature-name heuristic,causal_h25_derivative_on_count,
causal_rise_slope__h150__smooth10ms__p75,allowed causal feature candidate,True,low,allowed by previous audit/metadata or feature-name heuristic,causal_h25_rise_slope,
causal_derivative_on_count__h150__smooth10ms__p85,allowed causal feature candidate,True,low,allowed by previous audit/metadata or feature-name heuristic,causal_h25_derivative_on_count,
causal_rise_slope__h150__smooth10ms__p85,allowed causal feature candidate,True,low,allowed by previous audit/metadata or feature-name heuristic,causal_h25_rise_slope,
causal_derivative_on_count__h150__smooth10ms__p95,allowed causal feature candidate,True,low,allowed by previous audit/metadata or feature-name heuristic,causal_h25_derivative_on_count,
causal_rise_slope__h150__smooth10ms__p95,allowed causal feature candidate,True,low,allowed by previous audit/metadata or feature-name heuristic,causal_h25_rise_slope,
causal_derivative_on_count__h150__smooth25ms__p75,allowed causal feature candidate,True,low,allowed by previous audit/metadata or feature-name heuristic,causal_h25_derivative_on_count,
causal_rise_slope__h150__smooth25ms__p75,allowed causal feature candidate,True,low,allowed by previous audit/metadata or feature-name heuristic,causal_h25_rise_slope,
causal_derivative_on_count__h150__smooth25ms__p85,allowed causal feature candidate,True,low,allowed by previous audit/metadata or feature-name heuristic,causal_h25_derivative_on_count,
causal_rise_slope__h150__smooth25ms__p85,allowed causal feature candidate,True,low,allowed by previous audit/metadata or feature-name heuristic,causal_h25_rise_slope,
causal_derivative_on_count__h150__smooth25ms__p95,allowed causal feature candidate,True,low,allowed by previous audit/metadata or feature-name heuristic,causal_h25_derivative_on_count,
causal_rise_slope__h150__smooth25ms__p95,allowed causal feature candidate,True,low,allowed by previous audit/metadata or feature-name heuristic,causal_h25_rise_slope,
causal_derivative_on_count__h150__smooth50ms__p75,allowed causal feature candidate,True,low,allowed by previous audit/metadata or feature-name heuristic,causal_h25_derivative_on_count,
causal_rise_slope__h150__smooth50ms__p75,allowed causal feature candidate,True,low,allowed by previous audit/metadata or feature-name heuristic,causal_h25_rise_slope,
causal_derivative_on_count__h150__smooth50ms__p85,allowed causal feature candidate,True,low,allowed by previous audit/metadata or feature-name heuristic,causal_h25_derivative_on_count,
causal_rise_slope__h150__smooth50ms__p85,allowed causal feature candidate,True,low,allowed by previous audit/metadata or feature-name heuristic,causal_h25_rise_slope,
causal_derivative_on_count__h150__smooth50ms__p95,allowed causal feature candidate,True,low,allowed by previous audit/metadata or feature-name heuristic,causal_h25_derivative_on_count,
causal_rise_slope__h150__smooth50ms__p95,allowed causal feature candidate,True,low,allowed by previous audit/metadata or feature-name heuristic,causal_h25_rise_slope,
causal_derivative_on_count__h200__smooth5ms__p75,allowed causal feature candidate,True,low,allowed by previous audit/metadata or feature-name heuristic,causal_h25_derivative_on_count,
causal_rise_slope__h200__smooth5ms__p75,allowed causal feature candidate,True,low,allowed by previous audit/metadata or feature-name heuristic,causal_h25_rise_slope,
causal_derivative_on_count__h200__smooth5ms__p85,allowed causal feature candidate,True,low,allowed by previous audit/metadata or feature-name heuristic,causal_h25_derivative_on_count,
causal_rise_slope__h200__smooth5ms__p85,allowed causal feature candidate,True,low,allowed by previous audit/metadata or feature-name heuristic,causal_h25_rise_slope,
causal_derivative_on_count__h200__smooth5ms__p95,allowed causal feature candidate,True,low,allowed by previous audit/metadata or feature-name heuristic,causal_h25_derivative_on_count,
causal_rise_slope__h200__smooth5ms__p95,allowed causal feature candidate,True,low,allowed by previous audit/metadata or feature-name heuristic,causal_h25_rise_slope,
causal_derivative_on_count__h200__smooth10ms__p75,allowed causal feature candidate,True,low,allowed by previous audit/metadata or feature-name heuristic,causal_h25_derivative_on_count,
causal_rise_slope__h200__smooth10ms__p75,allowed causal feature candidate,True,low,allowed by previous audit/metadata or feature-name heuristic,causal_h25_rise_slope,
causal_derivative_on_count__h200__smooth10ms__p85,allowed causal feature candidate,True,low,allowed by previous audit/metadata or feature-name heuristic,causal_h25_derivative_on_count,
causal_rise_slope__h200__smooth10ms__p85,allowed causal feature candidate,True,low,allowed by previous audit/metadata or feature-name heuristic,causal_h25_rise_slope,
causal_derivative_on_count__h200__smooth10ms__p95,allowed causal feature candidate,True,low,allowed by previous audit/metadata or feature-name heuristic,causal_h25_derivative_on_count,
causal_rise_slope__h200__smooth10ms__p95,allowed causal feature candidate,True,low,allowed by previous audit/metadata or feature-name heuristic,causal_h25_rise_slope,
causal_derivative_on_count__h200__smooth25ms__p75,allowed causal feature candidate,True,low,allowed by previous audit/metadata or feature-name heuristic,causal_h25_derivative_on_count,
causal_rise_slope__h200__smooth25ms__p75,allowed causal feature candidate,True,low,allowed by previous audit/metadata or feature-name heuristic,causal_h25_rise_slope,
causal_derivative_on_count__h200__smooth25ms__p85,allowed causal feature candidate,True,low,allowed by previous audit/metadata or feature-name heuristic,causal_h25_derivative_on_count,
causal_rise_slope__h200__smooth25ms__p85,allowed causal feature candidate,True,low,allowed by previous audit/metadata or feature-name heuristic,causal_h25_rise_slope,
causal_derivative_on_count__h200__smooth25ms__p95,allowed causal feature candidate,True,low,allowed by previous audit/metadata or feature-name heuristic,causal_h25_derivative_on_count,
causal_rise_slope__h200__smooth25ms__p95,allowed causal feature candidate,True,low,allowed by previous audit/metadata or feature-name heuristic,causal_h25_rise_slope,
causal_derivative_on_count__h200__smooth50ms__p75,allowed causal feature candidate,True,low,allowed by previous audit/metadata or feature-name heuristic,causal_h25_derivative_on_count,
causal_rise_slope__h200__smooth50ms__p75,allowed causal feature candidate,True,low,allowed by previous audit/metadata or feature-name heuristic,causal_h25_rise_slope,
causal_derivative_on_count__h200__smooth50ms__p85,allowed causal feature candidate,True,low,allowed by previous audit/metadata or feature-name heuristic,causal_h25_derivative_on_count,
causal_rise_slope__h200__smooth50ms__p85,allowed causal feature candidate,True,low,allowed by previous audit/metadata or feature-name heuristic,causal_h25_rise_slope,
causal_derivative_on_count__h200__smooth50ms__p95,allowed causal feature candidate,True,low,allowed by previous audit/metadata or feature-name heuristic,causal_h25_derivative_on_count,
causal_rise_slope__h200__smooth50ms__p95,allowed causal feature candidate,True,low,allowed by previous audit/metadata or feature-name heuristic,causal_h25_rise_slope,
beta_rise_acceleration__step5ms__smooth10ms,allowed causal feature candidate,True,low,allowed by previous audit/metadata or feature-name heuristic; selected by Phase 6A.0 lower-bound estimator,beta_rise_acceleration_per_ms2,
beta_rise_acceleration__step5ms__smooth25ms,allowed causal feature candidate,True,low,allowed by previous audit/metadata or feature-name heuristic; selected by Phase 6A.0 lower-bound estimator,beta_rise_acceleration_per_ms2,
beta_rise_acceleration__step5ms__smooth50ms,allowed causal feature candidate,True,low,allowed by previous audit/metadata or feature-name heuristic; selected by Phase 6A.0 lower-bound estimator,beta_rise_acceleration_per_ms2,
beta_rise_acceleration__step10ms__smooth10ms,allowed causal feature candidate,True,low,allowed by previous audit/metadata or feature-name heuristic; selected by Phase 6A.0 lower-bound estimator,beta_rise_acceleration_per_ms2,
beta_rise_acceleration__step10ms__smooth25ms,allowed causal feature candidate,True,low,allowed by previous audit/metadata or feature-name heuristic; selected by Phase 6A.0 lower-bound estimator,beta_rise_acceleration_per_ms2,
beta_rise_acceleration__step10ms__smooth50ms,allowed causal feature candidate,True,low,allowed by previous audit/metadata or feature-name heuristic; selected by Phase 6A.0 lower-bound estimator,beta_rise_acceleration_per_ms2,
beta_rise_acceleration__step25ms__smooth10ms,allowed causal feature candidate,True,low,allowed by previous audit/metadata or feature-name heuristic; selected by Phase 6A.0 lower-bound estimator,beta_rise_acceleration_per_ms2,
beta_rise_acceleration__step25ms__smooth25ms,allowed causal feature candidate,True,low,allowed by previous audit/metadata or feature-name heuristic; selected by Phase 6A.0 lower-bound estimator,beta_rise_acceleration_per_ms2,
beta_rise_acceleration__step25ms__smooth50ms,allowed causal feature candidate,True,low,allowed by previous audit/metadata or feature-name heuristic; selected by Phase 6A.0 lower-bound estimator,beta_rise_acceleration_per_ms2,
beta_rise_acceleration__step50ms__smooth10ms,allowed causal feature candidate,True,low,allowed by previous audit/metadata or feature-name heuristic; selected by Phase 6A.0 lower-bound estimator,beta_rise_acceleration_per_ms2,
beta_rise_acceleration__step50ms__smooth25ms,allowed causal feature candidate,True,low,allowed by previous audit/metadata or feature-name heuristic; selected by Phase 6A.0 lower-bound estimator,beta_rise_acceleration_per_ms2,
beta_rise_acceleration__step50ms__smooth50ms,allowed causal feature candidate,True,low,allowed by previous audit/metadata or feature-name heuristic; selected by Phase 6A.0 lower-bound estimator,beta_rise_acceleration_per_ms2,
beta_boundary_contrast__bw5hz__subtract,allowed causal feature candidate,True,low,allowed by previous audit/metadata or feature-name heuristic; selected by Phase 6A.0 lower-bound estimator,beta_boundary_contrast,
beta_boundary_contrast__bw5hz__ratio,allowed causal feature candidate,True,low,allowed by previous audit/metadata or feature-name heuristic; selected by Phase 6A.0 lower-bound estimator,beta_boundary_contrast,
beta_boundary_contrast__bw5hz__log_ratio,allowed causal feature candidate,True,low,allowed by previous audit/metadata or feature-name heuristic; selected by Phase 6A.0 lower-bound estimator,beta_boundary_contrast,
beta_boundary_contrast__bw7hz__subtract,allowed causal feature candidate,True,low,allowed by previous audit/metadata or feature-name heuristic; selected by Phase 6A.0 lower-bound estimator,beta_boundary_contrast,
beta_boundary_contrast__bw7hz__ratio,allowed causal feature candidate,True,low,allowed by previous audit/metadata or feature-name heuristic; selected by Phase 6A.0 lower-bound estimator,beta_boundary_contrast,
beta_boundary_contrast__bw7hz__log_ratio,allowed causal feature candidate,True,low,allowed by previous audit/metadata or feature-name heuristic; selected by Phase 6A.0 lower-bound estimator,beta_boundary_contrast,
beta_boundary_contrast__bw10hz__subtract,allowed causal feature candidate,True,low,allowed by previous audit/metadata or feature-name heuristic; selected by Phase 6A.0 lower-bound estimator,beta_boundary_contrast,
beta_boundary_contrast__bw10hz__ratio,allowed causal feature candidate,True,low,allowed by previous audit/metadata or feature-name heuristic; selected by Phase 6A.0 lower-bound estimator,beta_boundary_contrast,
beta_boundary_contrast__bw10hz__log_ratio,allowed causal feature candidate,True,low,allowed by previous audit/metadata or feature-name heuristic; selected by Phase 6A.0 lower-bound estimator,beta_boundary_contrast,
low_beta_high_beta_ratio__split17hz__ratio,suspicious leakage or metadata,False,medium,keyword exclusion: split; selected by Phase 6A.0 lower-bound estimator,low_beta_high_beta_ratio,
low_beta_high_beta_ratio__split17hz__log_ratio,suspicious leakage or metadata,False,medium,keyword exclusion: split; selected by Phase 6A.0 lower-bound estimator,low_beta_high_beta_ratio,
low_beta_high_beta_ratio__split17hz__normalized_difference,suspicious leakage or metadata,False,medium,keyword exclusion: split; selected by Phase 6A.0 lower-bound estimator; precomputed normalization-like name; cannot undo preprocessing scope,low_beta_high_beta_ratio,
low_beta_high_beta_ratio__split20hz__ratio,suspicious leakage or metadata,False,medium,keyword exclusion: split; selected by Phase 6A.0 lower-bound estimator,low_beta_high_beta_ratio,
low_beta_high_beta_ratio__split20hz__log_ratio,suspicious leakage or metadata,False,medium,keyword exclusion: split; selected by Phase 6A.0 lower-bound estimator,low_beta_high_beta_ratio,
low_beta_high_beta_ratio__split20hz__normalized_difference,suspicious leakage or metadata,False,medium,keyword exclusion: split; selected by Phase 6A.0 lower-bound estimator; precomputed normalization-like name; cannot undo preprocessing scope,low_beta_high_beta_ratio,
low_beta_high_beta_ratio__split22hz__ratio,suspicious leakage or metadata,False,medium,keyword exclusion: split; selected by Phase 6A.0 lower-bound estimator,low_beta_high_beta_ratio,
low_beta_high_beta_ratio__split22hz__log_ratio,suspicious leakage or metadata,False,medium,keyword exclusion: split; selected by Phase 6A.0 lower-bound estimator,low_beta_high_beta_ratio,
low_beta_high_beta_ratio__split22hz__normalized_difference,suspicious leakage or metadata,False,medium,keyword exclusion: split; selected by Phase 6A.0 lower-bound estimator; precomputed normalization-like name; cannot undo preprocessing scope,low_beta_high_beta_ratio,
low_beta_high_beta_ratio__split25hz__ratio,suspicious leakage or metadata,False,medium,keyword exclusion: split; selected by Phase 6A.0 lower-bound estimator,low_beta_high_beta_ratio,
low_beta_high_beta_ratio__split25hz__log_ratio,suspicious leakage or metadata,False,medium,keyword exclusion: split; selected by Phase 6A.0 lower-bound estimator,low_beta_high_beta_ratio,
low_beta_high_beta_ratio__split25hz__normalized_difference,suspicious leakage or metadata,False,medium,keyword exclusion: split; selected by Phase 6A.0 lower-bound estimator; precomputed normalization-like name; cannot undo preprocessing scope,low_beta_high_beta_ratio,
spatial_channel_to_top2_ratio__top2__mean,allowed causal feature candidate,True,metadata,metadata-like column; allowed by previous audit/metadata or feature-name heuristic; selected by Phase 6A.0 lower-bound estimator,spatial_channel_to_top2_ratio,
spatial_channel_to_top2_ratio__top2__median,allowed causal feature candidate,True,metadata,metadata-like column; allowed by previous audit/metadata or feature-name heuristic; selected by Phase 6A.0 lower-bound estimator,spatial_channel_to_top2_ratio,
spatial_channel_to_top2_ratio__top2__top_1,allowed causal feature candidate,True,metadata,metadata-like column; allowed by previous audit/metadata or feature-name heuristic; selected by Phase 6A.0 lower-bound estimator,spatial_channel_to_top2_ratio,
spatial_channel_to_top3_ratio__top3__mean,allowed causal feature candidate,True,metadata,metadata-like column; allowed by previous audit/metadata or feature-name heuristic; selected by Phase 6A.0 lower-bound estimator,spatial_channel_to_top2_ratio,
spatial_channel_to_top3_ratio__top3__median,allowed causal feature candidate,True,metadata,metadata-like column; allowed by previous audit/metadata or feature-name heuristic; selected by Phase 6A.0 lower-bound estimator,spatial_channel_to_top2_ratio,
spatial_channel_to_top3_ratio__top3__top_1,allowed causal feature candidate,True,metadata,metadata-like column; allowed by previous audit/metadata or feature-name heuristic; selected by Phase 6A.0 lower-bound estimator,spatial_channel_to_top2_ratio,
spatial_channel_to_top5_ratio__top5__mean,allowed causal feature candidate,True,metadata,metadata-like column; allowed by previous audit/metadata or feature-name heuristic; selected by Phase 6A.0 lower-bound estimator,spatial_channel_to_top2_ratio,
spatial_channel_to_top5_ratio__top5__median,allowed causal feature candidate,True,metadata,metadata-like column; allowed by previous audit/metadata or feature-name heuristic; selected by Phase 6A.0 lower-bound estimator,spatial_channel_to_top2_ratio,
spatial_channel_to_top5_ratio__top5__top_1,allowed causal feature candidate,True,metadata,metadata-like column; allowed by previous audit/metadata or feature-name heuristic; selected by Phase 6A.0 lower-bound estimator,spatial_channel_to_top2_ratio,
