column_name,column_role,selected_for_model,feature_family,support_status,qc_status,uses_future_samples,uses_test_participant_statistics,tautology_risk_level,leakage_risk_level,causal_frontend_confirmed,reason
window_id,excluded non-feature columns,false,,,,,,,,,not selected as causal feature
subject_id,subject/session/block/time columns,false,,,,,,,,,identity/order column
condition,subject/session/block/time columns,false,,,,,,,,,identity/order column
channel,metadata/proxy columns,false,,,,,,,,,metadata/proxy or grouping column
band_mode,metadata/proxy columns,false,,,,,,,,,metadata/proxy or grouping column
fif_path,suspicious leakage columns,false,,,,,,,,,contains leakage keyword 'path'
window_type,metadata/proxy columns,false,,,,,,,,,metadata/proxy or grouping column
negative_category,metadata/proxy columns,false,,,,,,,,,metadata/proxy or grouping column
target_label,target/label columns,false,,,,,,,,,annotation-derived target
window_start_s,subject/session/block/time columns,false,,,,,,,,,identity/order column
window_stop_s,excluded non-feature columns,false,,,,,,,,,not selected as causal feature
window_duration_ms,metadata/proxy columns,false,,,,,,,,,metadata/proxy or grouping column
anchor_onset_s,suspicious leakage columns,false,,,,,,,,,contains leakage keyword 'onset'
anchor_offset_s,suspicious leakage columns,false,,,,,,,,,contains leakage keyword 'offset'
phase3_duration_ms,excluded non-feature columns,false,,,,,,,,,not selected as causal feature
threshold_source,metadata/proxy columns,false,,,,,,,,,metadata/proxy or grouping column
is_beta_active_channel,metadata/proxy columns,false,,,,,,,,,metadata/proxy or grouping column
long_burst_category,metadata/proxy columns,false,,,,,,,,,metadata/proxy or grouping column
provenance_status,metadata/proxy columns,false,,,,,,,,,metadata/proxy or grouping column
beta_local_baseline_ratio__h25__baseline1s__subtract_divide,allowed causal feature columns,true,beta_local_baseline_ratio,direct,ok,False,False,low,low,True,metadata or naming indicates causal online-compatible feature
beta_local_baseline_ratio__h25__baseline1s__log_divide,allowed causal feature columns,true,beta_local_baseline_ratio,direct,ok,False,False,low,low,True,metadata or naming indicates causal online-compatible feature
beta_local_baseline_ratio__h25__baseline1s__z_score_MAD,allowed causal feature columns,true,beta_local_baseline_ratio,direct,ok,False,False,low,low,True,metadata or naming indicates causal online-compatible feature
beta_local_baseline_ratio__h25__baseline2s__subtract_divide,allowed causal feature columns,true,beta_local_baseline_ratio,direct,ok,False,False,low,low,True,metadata or naming indicates causal online-compatible feature
beta_local_baseline_ratio__h25__baseline2s__log_divide,allowed causal feature columns,true,beta_local_baseline_ratio,direct,ok,False,False,low,low,True,metadata or naming indicates causal online-compatible feature
beta_local_baseline_ratio__h25__baseline2s__z_score_MAD,allowed causal feature columns,true,beta_local_baseline_ratio,direct,ok,False,False,low,low,True,metadata or naming indicates causal online-compatible feature
beta_local_baseline_ratio__h25__baseline5s__subtract_divide,allowed causal feature columns,true,beta_local_baseline_ratio,direct,ok,False,False,low,low,True,metadata or naming indicates causal online-compatible feature
beta_local_baseline_ratio__h25__baseline5s__log_divide,allowed causal feature columns,true,beta_local_baseline_ratio,direct,ok,False,False,low,low,True,metadata or naming indicates causal online-compatible feature
beta_local_baseline_ratio__h25__baseline5s__z_score_MAD,allowed causal feature columns,true,beta_local_baseline_ratio,direct,ok,False,False,low,low,True,metadata or naming indicates causal online-compatible feature
beta_local_baseline_ratio__h25__baseline10s__subtract_divide,allowed causal feature columns,true,beta_local_baseline_ratio,direct,ok,False,False,low,low,True,metadata or naming indicates causal online-compatible feature
beta_local_baseline_ratio__h25__baseline10s__log_divide,allowed causal feature columns,true,beta_local_baseline_ratio,direct,ok,False,False,low,low,True,metadata or naming indicates causal online-compatible feature
beta_local_baseline_ratio__h25__baseline10s__z_score_MAD,allowed causal feature columns,true,beta_local_baseline_ratio,direct,ok,False,False,low,low,True,metadata or naming indicates causal online-compatible feature
beta_local_baseline_ratio__h50__baseline1s__subtract_divide,allowed causal feature columns,true,beta_local_baseline_ratio,direct,ok,False,False,low,low,True,metadata or naming indicates causal online-compatible feature
beta_local_baseline_ratio__h50__baseline1s__log_divide,allowed causal feature columns,true,beta_local_baseline_ratio,direct,ok,False,False,low,low,True,metadata or naming indicates causal online-compatible feature
beta_local_baseline_ratio__h50__baseline1s__z_score_MAD,allowed causal feature columns,true,beta_local_baseline_ratio,direct,ok,False,False,low,low,True,metadata or naming indicates causal online-compatible feature
beta_local_baseline_ratio__h50__baseline2s__subtract_divide,allowed causal feature columns,true,beta_local_baseline_ratio,direct,ok,False,False,low,low,True,metadata or naming indicates causal online-compatible feature
beta_local_baseline_ratio__h50__baseline2s__log_divide,allowed causal feature columns,true,beta_local_baseline_ratio,direct,ok,False,False,low,low,True,metadata or naming indicates causal online-compatible feature
beta_local_baseline_ratio__h50__baseline2s__z_score_MAD,allowed causal feature columns,true,beta_local_baseline_ratio,direct,ok,False,False,low,low,True,metadata or naming indicates causal online-compatible feature
beta_local_baseline_ratio__h50__baseline5s__subtract_divide,allowed causal feature columns,false,beta_local_baseline_ratio,direct,ok,False,False,low,low,True,metadata or naming indicates causal online-compatible feature; not selected for model due deterministic runtime cap
beta_local_baseline_ratio__h50__baseline5s__log_divide,allowed causal feature columns,false,beta_local_baseline_ratio,direct,ok,False,False,low,low,True,metadata or naming indicates causal online-compatible feature; not selected for model due deterministic runtime cap
beta_local_baseline_ratio__h50__baseline5s__z_score_MAD,allowed causal feature columns,false,beta_local_baseline_ratio,direct,ok,False,False,low,low,True,metadata or naming indicates causal online-compatible feature; not selected for model due deterministic runtime cap
beta_local_baseline_ratio__h50__baseline10s__subtract_divide,allowed causal feature columns,false,beta_local_baseline_ratio,direct,ok,False,False,low,low,True,metadata or naming indicates causal online-compatible feature; not selected for model due deterministic runtime cap
beta_local_baseline_ratio__h50__baseline10s__log_divide,allowed causal feature columns,false,beta_local_baseline_ratio,direct,ok,False,False,low,low,True,metadata or naming indicates causal online-compatible feature; not selected for model due deterministic runtime cap
beta_local_baseline_ratio__h50__baseline10s__z_score_MAD,allowed causal feature columns,false,beta_local_baseline_ratio,direct,ok,False,False,low,low,True,metadata or naming indicates causal online-compatible feature; not selected for model due deterministic runtime cap
beta_local_baseline_ratio__h75__baseline1s__subtract_divide,allowed causal feature columns,false,beta_local_baseline_ratio,direct,ok,False,False,low,low,True,metadata or naming indicates causal online-compatible feature; not selected for model due deterministic runtime cap
beta_local_baseline_ratio__h75__baseline1s__log_divide,allowed causal feature columns,false,beta_local_baseline_ratio,direct,ok,False,False,low,low,True,metadata or naming indicates causal online-compatible feature; not selected for model due deterministic runtime cap
beta_local_baseline_ratio__h75__baseline1s__z_score_MAD,allowed causal feature columns,false,beta_local_baseline_ratio,direct,ok,False,False,low,low,True,metadata or naming indicates causal online-compatible feature; not selected for model due deterministic runtime cap
beta_local_baseline_ratio__h75__baseline2s__subtract_divide,allowed causal feature columns,false,beta_local_baseline_ratio,direct,ok,False,False,low,low,True,metadata or naming indicates causal online-compatible feature; not selected for model due deterministic runtime cap
beta_local_baseline_ratio__h75__baseline2s__log_divide,allowed causal feature columns,false,beta_local_baseline_ratio,direct,ok,False,False,low,low,True,metadata or naming indicates causal online-compatible feature; not selected for model due deterministic runtime cap
beta_local_baseline_ratio__h75__baseline2s__z_score_MAD,allowed causal feature columns,false,beta_local_baseline_ratio,direct,ok,False,False,low,low,True,metadata or naming indicates causal online-compatible feature; not selected for model due deterministic runtime cap
beta_local_baseline_ratio__h75__baseline5s__subtract_divide,allowed causal feature columns,false,beta_local_baseline_ratio,direct,ok,False,False,low,low,True,metadata or naming indicates causal online-compatible feature; not selected for model due deterministic runtime cap
beta_local_baseline_ratio__h75__baseline5s__log_divide,allowed causal feature columns,false,beta_local_baseline_ratio,direct,ok,False,False,low,low,True,metadata or naming indicates causal online-compatible feature; not selected for model due deterministic runtime cap
beta_local_baseline_ratio__h75__baseline5s__z_score_MAD,allowed causal feature columns,false,beta_local_baseline_ratio,direct,ok,False,False,low,low,True,metadata or naming indicates causal online-compatible feature; not selected for model due deterministic runtime cap
beta_local_baseline_ratio__h75__baseline10s__subtract_divide,allowed causal feature columns,false,beta_local_baseline_ratio,direct,ok,False,False,low,low,True,metadata or naming indicates causal online-compatible feature; not selected for model due deterministic runtime cap
beta_local_baseline_ratio__h75__baseline10s__log_divide,allowed causal feature columns,false,beta_local_baseline_ratio,direct,ok,False,False,low,low,True,metadata or naming indicates causal online-compatible feature; not selected for model due deterministic runtime cap
beta_local_baseline_ratio__h75__baseline10s__z_score_MAD,allowed causal feature columns,false,beta_local_baseline_ratio,direct,ok,False,False,low,low,True,metadata or naming indicates causal online-compatible feature; not selected for model due deterministic runtime cap
beta_local_baseline_ratio__h100__baseline1s__subtract_divide,allowed causal feature columns,false,beta_local_baseline_ratio,direct,ok,False,False,low,low,True,metadata or naming indicates causal online-compatible feature; not selected for model due deterministic runtime cap
beta_local_baseline_ratio__h100__baseline1s__log_divide,allowed causal feature columns,false,beta_local_baseline_ratio,direct,ok,False,False,low,low,True,metadata or naming indicates causal online-compatible feature; not selected for model due deterministic runtime cap
beta_local_baseline_ratio__h100__baseline1s__z_score_MAD,allowed causal feature columns,false,beta_local_baseline_ratio,direct,ok,False,False,low,low,True,metadata or naming indicates causal online-compatible feature; not selected for model due deterministic runtime cap
beta_local_baseline_ratio__h100__baseline2s__subtract_divide,allowed causal feature columns,false,beta_local_baseline_ratio,direct,ok,False,False,low,low,True,metadata or naming indicates causal online-compatible feature; not selected for model due deterministic runtime cap
beta_local_baseline_ratio__h100__baseline2s__log_divide,allowed causal feature columns,false,beta_local_baseline_ratio,direct,ok,False,False,low,low,True,metadata or naming indicates causal online-compatible feature; not selected for model due deterministic runtime cap
beta_local_baseline_ratio__h100__baseline2s__z_score_MAD,allowed causal feature columns,false,beta_local_baseline_ratio,direct,ok,False,False,low,low,True,metadata or naming indicates causal online-compatible feature; not selected for model due deterministic runtime cap
beta_local_baseline_ratio__h100__baseline5s__subtract_divide,allowed causal feature columns,false,beta_local_baseline_ratio,direct,ok,False,False,low,low,True,metadata or naming indicates causal online-compatible feature; not selected for model due deterministic runtime cap
beta_local_baseline_ratio__h100__baseline5s__log_divide,allowed causal feature columns,false,beta_local_baseline_ratio,direct,ok,False,False,low,low,True,metadata or naming indicates causal online-compatible feature; not selected for model due deterministic runtime cap
beta_local_baseline_ratio__h100__baseline5s__z_score_MAD,allowed causal feature columns,false,beta_local_baseline_ratio,direct,ok,False,False,low,low,True,metadata or naming indicates causal online-compatible feature; not selected for model due deterministic runtime cap
beta_local_baseline_ratio__h100__baseline10s__subtract_divide,allowed causal feature columns,false,beta_local_baseline_ratio,direct,ok,False,False,low,low,True,metadata or naming indicates causal online-compatible feature; not selected for model due deterministic runtime cap
beta_local_baseline_ratio__h100__baseline10s__log_divide,allowed causal feature columns,false,beta_local_baseline_ratio,direct,ok,False,False,low,low,True,metadata or naming indicates causal online-compatible feature; not selected for model due deterministic runtime cap
beta_local_baseline_ratio__h100__baseline10s__z_score_MAD,allowed causal feature columns,false,beta_local_baseline_ratio,direct,ok,False,False,low,low,True,metadata or naming indicates causal online-compatible feature; not selected for model due deterministic runtime cap
beta_local_baseline_ratio__h150__baseline1s__subtract_divide,allowed causal feature columns,false,beta_local_baseline_ratio,direct,ok,False,False,low,low,True,metadata or naming indicates causal online-compatible feature; not selected for model due deterministic runtime cap
beta_local_baseline_ratio__h150__baseline1s__log_divide,allowed causal feature columns,false,beta_local_baseline_ratio,direct,ok,False,False,low,low,True,metadata or naming indicates causal online-compatible feature; not selected for model due deterministic runtime cap
beta_local_baseline_ratio__h150__baseline1s__z_score_MAD,allowed causal feature columns,false,beta_local_baseline_ratio,direct,ok,False,False,low,low,True,metadata or naming indicates causal online-compatible feature; not selected for model due deterministic runtime cap
beta_local_baseline_ratio__h150__baseline2s__subtract_divide,allowed causal feature columns,false,beta_local_baseline_ratio,direct,ok,False,False,low,low,True,metadata or naming indicates causal online-compatible feature; not selected for model due deterministic runtime cap
beta_local_baseline_ratio__h150__baseline2s__log_divide,allowed causal feature columns,false,beta_local_baseline_ratio,direct,ok,False,False,low,low,True,metadata or naming indicates causal online-compatible feature; not selected for model due deterministic runtime cap
beta_local_baseline_ratio__h150__baseline2s__z_score_MAD,allowed causal feature columns,false,beta_local_baseline_ratio,direct,ok,False,False,low,low,True,metadata or naming indicates causal online-compatible feature; not selected for model due deterministic runtime cap
beta_local_baseline_ratio__h150__baseline5s__subtract_divide,allowed causal feature columns,false,beta_local_baseline_ratio,direct,ok,False,False,low,low,True,metadata or naming indicates causal online-compatible feature; not selected for model due deterministic runtime cap
beta_local_baseline_ratio__h150__baseline5s__log_divide,allowed causal feature columns,false,beta_local_baseline_ratio,direct,ok,False,False,low,low,True,metadata or naming indicates causal online-compatible feature; not selected for model due deterministic runtime cap
beta_local_baseline_ratio__h150__baseline5s__z_score_MAD,allowed causal feature columns,false,beta_local_baseline_ratio,direct,ok,False,False,low,low,True,metadata or naming indicates causal online-compatible feature; not selected for model due deterministic runtime cap
beta_local_baseline_ratio__h150__baseline10s__subtract_divide,allowed causal feature columns,false,beta_local_baseline_ratio,direct,ok,False,False,low,low,True,metadata or naming indicates causal online-compatible feature; not selected for model due deterministic runtime cap
beta_local_baseline_ratio__h150__baseline10s__log_divide,allowed causal feature columns,false,beta_local_baseline_ratio,direct,ok,False,False,low,low,True,metadata or naming indicates causal online-compatible feature; not selected for model due deterministic runtime cap
beta_local_baseline_ratio__h150__baseline10s__z_score_MAD,allowed causal feature columns,false,beta_local_baseline_ratio,direct,ok,False,False,low,low,True,metadata or naming indicates causal online-compatible feature; not selected for model due deterministic runtime cap
beta_local_baseline_ratio__h200__baseline1s__subtract_divide,allowed causal feature columns,false,beta_local_baseline_ratio,direct,ok,False,False,low,low,True,metadata or naming indicates causal online-compatible feature; not selected for model due deterministic runtime cap
beta_local_baseline_ratio__h200__baseline1s__log_divide,allowed causal feature columns,false,beta_local_baseline_ratio,direct,ok,False,False,low,low,True,metadata or naming indicates causal online-compatible feature; not selected for model due deterministic runtime cap
beta_local_baseline_ratio__h200__baseline1s__z_score_MAD,allowed causal feature columns,false,beta_local_baseline_ratio,direct,ok,False,False,low,low,True,metadata or naming indicates causal online-compatible feature; not selected for model due deterministic runtime cap
beta_local_baseline_ratio__h200__baseline2s__subtract_divide,allowed causal feature columns,false,beta_local_baseline_ratio,direct,ok,False,False,low,low,True,metadata or naming indicates causal online-compatible feature; not selected for model due deterministic runtime cap
beta_local_baseline_ratio__h200__baseline2s__log_divide,allowed causal feature columns,false,beta_local_baseline_ratio,direct,ok,False,False,low,low,True,metadata or naming indicates causal online-compatible feature; not selected for model due deterministic runtime cap
beta_local_baseline_ratio__h200__baseline2s__z_score_MAD,allowed causal feature columns,false,beta_local_baseline_ratio,direct,ok,False,False,low,low,True,metadata or naming indicates causal online-compatible feature; not selected for model due deterministic runtime cap
beta_local_baseline_ratio__h200__baseline5s__subtract_divide,allowed causal feature columns,false,beta_local_baseline_ratio,direct,ok,False,False,low,low,True,metadata or naming indicates causal online-compatible feature; not selected for model due deterministic runtime cap
beta_local_baseline_ratio__h200__baseline5s__log_divide,allowed causal feature columns,false,beta_local_baseline_ratio,direct,ok,False,False,low,low,True,metadata or naming indicates causal online-compatible feature; not selected for model due deterministic runtime cap
beta_local_baseline_ratio__h200__baseline5s__z_score_MAD,allowed causal feature columns,false,beta_local_baseline_ratio,direct,ok,False,False,low,low,True,metadata or naming indicates causal online-compatible feature; not selected for model due deterministic runtime cap
beta_local_baseline_ratio__h200__baseline10s__subtract_divide,allowed causal feature columns,false,beta_local_baseline_ratio,direct,ok,False,False,low,low,True,metadata or naming indicates causal online-compatible feature; not selected for model due deterministic runtime cap
beta_local_baseline_ratio__h200__baseline10s__log_divide,allowed causal feature columns,false,beta_local_baseline_ratio,direct,ok,False,False,low,low,True,metadata or naming indicates causal online-compatible feature; not selected for model due deterministic runtime cap
beta_local_baseline_ratio__h200__baseline10s__z_score_MAD,allowed causal feature columns,false,beta_local_baseline_ratio,direct,ok,False,False,low,low,True,metadata or naming indicates causal online-compatible feature; not selected for model due deterministic runtime cap
beta_local_baseline_ratio__h250__baseline1s__subtract_divide,allowed causal feature columns,false,beta_local_baseline_ratio,direct,ok,False,False,low,low,True,metadata or naming indicates causal online-compatible feature; not selected for model due deterministic runtime cap
beta_local_baseline_ratio__h250__baseline1s__log_divide,allowed causal feature columns,false,beta_local_baseline_ratio,direct,ok,False,False,low,low,True,metadata or naming indicates causal online-compatible feature; not selected for model due deterministic runtime cap
beta_local_baseline_ratio__h250__baseline1s__z_score_MAD,allowed causal feature columns,false,beta_local_baseline_ratio,direct,ok,False,False,low,low,True,metadata or naming indicates causal online-compatible feature; not selected for model due deterministic runtime cap
beta_local_baseline_ratio__h250__baseline2s__subtract_divide,allowed causal feature columns,false,beta_local_baseline_ratio,direct,ok,False,False,low,low,True,metadata or naming indicates causal online-compatible feature; not selected for model due deterministic runtime cap
beta_local_baseline_ratio__h250__baseline2s__log_divide,allowed causal feature columns,false,beta_local_baseline_ratio,direct,ok,False,False,low,low,True,metadata or naming indicates causal online-compatible feature; not selected for model due deterministic runtime cap
beta_local_baseline_ratio__h250__baseline2s__z_score_MAD,allowed causal feature columns,false,beta_local_baseline_ratio,direct,ok,False,False,low,low,True,metadata or naming indicates causal online-compatible feature; not selected for model due deterministic runtime cap
beta_local_baseline_ratio__h250__baseline5s__subtract_divide,allowed causal feature columns,false,beta_local_baseline_ratio,direct,ok,False,False,low,low,True,metadata or naming indicates causal online-compatible feature; not selected for model due deterministic runtime cap
beta_local_baseline_ratio__h250__baseline5s__log_divide,allowed causal feature columns,false,beta_local_baseline_ratio,direct,ok,False,False,low,low,True,metadata or naming indicates causal online-compatible feature; not selected for model due deterministic runtime cap
beta_local_baseline_ratio__h250__baseline5s__z_score_MAD,allowed causal feature columns,false,beta_local_baseline_ratio,direct,ok,False,False,low,low,True,metadata or naming indicates causal online-compatible feature; not selected for model due deterministic runtime cap
beta_local_baseline_ratio__h250__baseline10s__subtract_divide,allowed causal feature columns,false,beta_local_baseline_ratio,direct,ok,False,False,low,low,True,metadata or naming indicates causal online-compatible feature; not selected for model due deterministic runtime cap
beta_local_baseline_ratio__h250__baseline10s__log_divide,allowed causal feature columns,false,beta_local_baseline_ratio,direct,ok,False,False,low,low,True,metadata or naming indicates causal online-compatible feature; not selected for model due deterministic runtime cap
beta_local_baseline_ratio__h250__baseline10s__z_score_MAD,allowed causal feature columns,false,beta_local_baseline_ratio,direct,ok,False,False,low,low,True,metadata or naming indicates causal online-compatible feature; not selected for model due deterministic runtime cap
beta_local_baseline_ratio__h300__baseline1s__subtract_divide,allowed causal feature columns,false,beta_local_baseline_ratio,direct,ok,False,False,low,low,True,metadata or naming indicates causal online-compatible feature; not selected for model due deterministic runtime cap
beta_local_baseline_ratio__h300__baseline1s__log_divide,allowed causal feature columns,false,beta_local_baseline_ratio,direct,ok,False,False,low,low,True,metadata or naming indicates causal online-compatible feature; not selected for model due deterministic runtime cap
beta_local_baseline_ratio__h300__baseline1s__z_score_MAD,allowed causal feature columns,false,beta_local_baseline_ratio,direct,ok,False,False,low,low,True,metadata or naming indicates causal online-compatible feature; not selected for model due deterministic runtime cap
beta_local_baseline_ratio__h300__baseline2s__subtract_divide,allowed causal feature columns,false,beta_local_baseline_ratio,direct,ok,False,False,low,low,True,metadata or naming indicates causal online-compatible feature; not selected for model due deterministic runtime cap
beta_local_baseline_ratio__h300__baseline2s__log_divide,allowed causal feature columns,false,beta_local_baseline_ratio,direct,ok,False,False,low,low,True,metadata or naming indicates causal online-compatible feature; not selected for model due deterministic runtime cap
beta_local_baseline_ratio__h300__baseline2s__z_score_MAD,allowed causal feature columns,false,beta_local_baseline_ratio,direct,ok,False,False,low,low,True,metadata or naming indicates causal online-compatible feature; not selected for model due deterministic runtime cap
beta_local_baseline_ratio__h300__baseline5s__subtract_divide,allowed causal feature columns,false,beta_local_baseline_ratio,direct,ok,False,False,low,low,True,metadata or naming indicates causal online-compatible feature; not selected for model due deterministic runtime cap
beta_local_baseline_ratio__h300__baseline5s__log_divide,allowed causal feature columns,false,beta_local_baseline_ratio,direct,ok,False,False,low,low,True,metadata or naming indicates causal online-compatible feature; not selected for model due deterministic runtime cap
beta_local_baseline_ratio__h300__baseline5s__z_score_MAD,allowed causal feature columns,false,beta_local_baseline_ratio,direct,ok,False,False,low,low,True,metadata or naming indicates causal online-compatible feature; not selected for model due deterministic runtime cap
beta_local_baseline_ratio__h300__baseline10s__subtract_divide,allowed causal feature columns,false,beta_local_baseline_ratio,direct,ok,False,False,low,low,True,metadata or naming indicates causal online-compatible feature; not selected for model due deterministic runtime cap
beta_local_baseline_ratio__h300__baseline10s__log_divide,allowed causal feature columns,false,beta_local_baseline_ratio,direct,ok,False,False,low,low,True,metadata or naming indicates causal online-compatible feature; not selected for model due deterministic runtime cap
beta_local_baseline_ratio__h300__baseline10s__z_score_MAD,allowed causal feature columns,false,beta_local_baseline_ratio,direct,ok,False,False,low,low,True,metadata or naming indicates causal online-compatible feature; not selected for model due deterministic runtime cap
beta_local_baseline_ratio__h400__baseline1s__subtract_divide,allowed causal feature columns,false,beta_local_baseline_ratio,direct,ok,False,False,low,low,True,metadata or naming indicates causal online-compatible feature; not selected for model due deterministic runtime cap
beta_local_baseline_ratio__h400__baseline1s__log_divide,allowed causal feature columns,false,beta_local_baseline_ratio,direct,ok,False,False,low,low,True,metadata or naming indicates causal online-compatible feature; not selected for model due deterministic runtime cap
beta_local_baseline_ratio__h400__baseline1s__z_score_MAD,allowed causal feature columns,false,beta_local_baseline_ratio,direct,ok,False,False,low,low,True,metadata or naming indicates causal online-compatible feature; not selected for model due deterministic runtime cap
beta_local_baseline_ratio__h400__baseline2s__subtract_divide,allowed causal feature columns,false,beta_local_baseline_ratio,direct,ok,False,False,low,low,True,metadata or naming indicates causal online-compatible feature; not selected for model due deterministic runtime cap
beta_local_baseline_ratio__h400__baseline2s__log_divide,allowed causal feature columns,false,beta_local_baseline_ratio,direct,ok,False,False,low,low,True,metadata or naming indicates causal online-compatible feature; not selected for model due deterministic runtime cap
beta_local_baseline_ratio__h400__baseline2s__z_score_MAD,allowed causal feature columns,false,beta_local_baseline_ratio,direct,ok,False,False,low,low,True,metadata or naming indicates causal online-compatible feature; not selected for model due deterministic runtime cap
beta_local_baseline_ratio__h400__baseline5s__subtract_divide,allowed causal feature columns,false,beta_local_baseline_ratio,direct,ok,False,False,low,low,True,metadata or naming indicates causal online-compatible feature; not selected for model due deterministic runtime cap
beta_local_baseline_ratio__h400__baseline5s__log_divide,allowed causal feature columns,false,beta_local_baseline_ratio,direct,ok,False,False,low,low,True,metadata or naming indicates causal online-compatible feature; not selected for model due deterministic runtime cap
beta_local_baseline_ratio__h400__baseline5s__z_score_MAD,allowed causal feature columns,false,beta_local_baseline_ratio,direct,ok,False,False,low,low,True,metadata or naming indicates causal online-compatible feature; not selected for model due deterministic runtime cap
beta_local_baseline_ratio__h400__baseline10s__subtract_divide,allowed causal feature columns,false,beta_local_baseline_ratio,direct,ok,False,False,low,low,True,metadata or naming indicates causal online-compatible feature; not selected for model due deterministic runtime cap
beta_local_baseline_ratio__h400__baseline10s__log_divide,allowed causal feature columns,false,beta_local_baseline_ratio,direct,ok,False,False,low,low,True,metadata or naming indicates causal online-compatible feature; not selected for model due deterministic runtime cap
beta_local_baseline_ratio__h400__baseline10s__z_score_MAD,allowed causal feature columns,false,beta_local_baseline_ratio,direct,ok,False,False,low,low,True,metadata or naming indicates causal online-compatible feature; not selected for model due deterministic runtime cap
beta_local_baseline_ratio__h500__baseline1s__subtract_divide,allowed causal feature columns,false,beta_local_baseline_ratio,direct,ok,False,False,low,low,True,metadata or naming indicates causal online-compatible feature; not selected for model due deterministic runtime cap
beta_local_baseline_ratio__h500__baseline1s__log_divide,allowed causal feature columns,false,beta_local_baseline_ratio,direct,ok,False,False,low,low,True,metadata or naming indicates causal online-compatible feature; not selected for model due deterministic runtime cap
beta_local_baseline_ratio__h500__baseline1s__z_score_MAD,allowed causal feature columns,false,beta_local_baseline_ratio,direct,ok,False,False,low,low,True,metadata or naming indicates causal online-compatible feature; not selected for model due deterministic runtime cap
beta_local_baseline_ratio__h500__baseline2s__subtract_divide,allowed causal feature columns,false,beta_local_baseline_ratio,direct,ok,False,False,low,low,True,metadata or naming indicates causal online-compatible feature; not selected for model due deterministic runtime cap
beta_local_baseline_ratio__h500__baseline2s__log_divide,allowed causal feature columns,false,beta_local_baseline_ratio,direct,ok,False,False,low,low,True,metadata or naming indicates causal online-compatible feature; not selected for model due deterministic runtime cap
beta_local_baseline_ratio__h500__baseline2s__z_score_MAD,allowed causal feature columns,false,beta_local_baseline_ratio,direct,ok,False,False,low,low,True,metadata or naming indicates causal online-compatible feature; not selected for model due deterministic runtime cap
beta_local_baseline_ratio__h500__baseline5s__subtract_divide,allowed causal feature columns,false,beta_local_baseline_ratio,direct,ok,False,False,low,low,True,metadata or naming indicates causal online-compatible feature; not selected for model due deterministic runtime cap
beta_local_baseline_ratio__h500__baseline5s__log_divide,allowed causal feature columns,false,beta_local_baseline_ratio,direct,ok,False,False,low,low,True,metadata or naming indicates causal online-compatible feature; not selected for model due deterministic runtime cap
beta_local_baseline_ratio__h500__baseline5s__z_score_MAD,allowed causal feature columns,false,beta_local_baseline_ratio,direct,ok,False,False,low,low,True,metadata or naming indicates causal online-compatible feature; not selected for model due deterministic runtime cap
beta_local_baseline_ratio__h500__baseline10s__subtract_divide,allowed causal feature columns,false,beta_local_baseline_ratio,direct,ok,False,False,low,low,True,metadata or naming indicates causal online-compatible feature; not selected for model due deterministic runtime cap
beta_local_baseline_ratio__h500__baseline10s__log_divide,allowed causal feature columns,false,beta_local_baseline_ratio,direct,ok,False,False,low,low,True,metadata or naming indicates causal online-compatible feature; not selected for model due deterministic runtime cap
beta_local_baseline_ratio__h500__baseline10s__z_score_MAD,allowed causal feature columns,false,beta_local_baseline_ratio,direct,ok,False,False,low,low,True,metadata or naming indicates causal online-compatible feature; not selected for model due deterministic runtime cap
beta_local_baseline_ratio__h750__baseline1s__subtract_divide,allowed causal feature columns,false,beta_local_baseline_ratio,direct,ok,False,False,low,low,True,metadata or naming indicates causal online-compatible feature; not selected for model due deterministic runtime cap
beta_local_baseline_ratio__h750__baseline1s__log_divide,allowed causal feature columns,false,beta_local_baseline_ratio,direct,ok,False,False,low,low,True,metadata or naming indicates causal online-compatible feature; not selected for model due deterministic runtime cap
beta_local_baseline_ratio__h750__baseline1s__z_score_MAD,allowed causal feature columns,false,beta_local_baseline_ratio,direct,ok,False,False,low,low,True,metadata or naming indicates causal online-compatible feature; not selected for model due deterministic runtime cap
beta_local_baseline_ratio__h750__baseline2s__subtract_divide,allowed causal feature columns,false,beta_local_baseline_ratio,direct,ok,False,False,low,low,True,metadata or naming indicates causal online-compatible feature; not selected for model due deterministic runtime cap
beta_local_baseline_ratio__h750__baseline2s__log_divide,allowed causal feature columns,false,beta_local_baseline_ratio,direct,ok,False,False,low,low,True,metadata or naming indicates causal online-compatible feature; not selected for model due deterministic runtime cap
beta_local_baseline_ratio__h750__baseline2s__z_score_MAD,allowed causal feature columns,false,beta_local_baseline_ratio,direct,ok,False,False,low,low,True,metadata or naming indicates causal online-compatible feature; not selected for model due deterministic runtime cap
beta_local_baseline_ratio__h750__baseline5s__subtract_divide,allowed causal feature columns,false,beta_local_baseline_ratio,direct,ok,False,False,low,low,True,metadata or naming indicates causal online-compatible feature; not selected for model due deterministic runtime cap
beta_local_baseline_ratio__h750__baseline5s__log_divide,allowed causal feature columns,false,beta_local_baseline_ratio,direct,ok,False,False,low,low,True,metadata or naming indicates causal online-compatible feature; not selected for model due deterministic runtime cap
beta_local_baseline_ratio__h750__baseline5s__z_score_MAD,allowed causal feature columns,false,beta_local_baseline_ratio,direct,ok,False,False,low,low,True,metadata or naming indicates causal online-compatible feature; not selected for model due deterministic runtime cap
beta_local_baseline_ratio__h750__baseline10s__subtract_divide,allowed causal feature columns,false,beta_local_baseline_ratio,direct,ok,False,False,low,low,True,metadata or naming indicates causal online-compatible feature; not selected for model due deterministic runtime cap
beta_local_baseline_ratio__h750__baseline10s__log_divide,allowed causal feature columns,false,beta_local_baseline_ratio,direct,ok,False,False,low,low,True,metadata or naming indicates causal online-compatible feature; not selected for model due deterministic runtime cap
beta_local_baseline_ratio__h750__baseline10s__z_score_MAD,allowed causal feature columns,false,beta_local_baseline_ratio,direct,ok,False,False,low,low,True,metadata or naming indicates causal online-compatible feature; not selected for model due deterministic runtime cap
beta_local_baseline_ratio__h1000__baseline1s__subtract_divide,allowed causal feature columns,false,beta_local_baseline_ratio,direct,ok,False,False,low,low,True,metadata or naming indicates causal online-compatible feature; not selected for model due deterministic runtime cap
beta_local_baseline_ratio__h1000__baseline1s__log_divide,allowed causal feature columns,false,beta_local_baseline_ratio,direct,ok,False,False,low,low,True,metadata or naming indicates causal online-compatible feature; not selected for model due deterministic runtime cap
beta_local_baseline_ratio__h1000__baseline1s__z_score_MAD,allowed causal feature columns,false,beta_local_baseline_ratio,direct,ok,False,False,low,low,True,metadata or naming indicates causal online-compatible feature; not selected for model due deterministic runtime cap
beta_local_baseline_ratio__h1000__baseline2s__subtract_divide,allowed causal feature columns,false,beta_local_baseline_ratio,direct,ok,False,False,low,low,True,metadata or naming indicates causal online-compatible feature; not selected for model due deterministic runtime cap
beta_local_baseline_ratio__h1000__baseline2s__log_divide,allowed causal feature columns,false,beta_local_baseline_ratio,direct,ok,False,False,low,low,True,metadata or naming indicates causal online-compatible feature; not selected for model due deterministic runtime cap
beta_local_baseline_ratio__h1000__baseline2s__z_score_MAD,allowed causal feature columns,false,beta_local_baseline_ratio,direct,ok,False,False,low,low,True,metadata or naming indicates causal online-compatible feature; not selected for model due deterministic runtime cap
beta_local_baseline_ratio__h1000__baseline5s__subtract_divide,allowed causal feature columns,false,beta_local_baseline_ratio,direct,ok,False,False,low,low,True,metadata or naming indicates causal online-compatible feature; not selected for model due deterministic runtime cap
beta_local_baseline_ratio__h1000__baseline5s__log_divide,allowed causal feature columns,false,beta_local_baseline_ratio,direct,ok,False,False,low,low,True,metadata or naming indicates causal online-compatible feature; not selected for model due deterministic runtime cap
beta_local_baseline_ratio__h1000__baseline5s__z_score_MAD,allowed causal feature columns,false,beta_local_baseline_ratio,direct,ok,False,False,low,low,True,metadata or naming indicates causal online-compatible feature; not selected for model due deterministic runtime cap
beta_local_baseline_ratio__h1000__baseline10s__subtract_divide,allowed causal feature columns,false,beta_local_baseline_ratio,direct,ok,False,False,low,low,True,metadata or naming indicates causal online-compatible feature; not selected for model due deterministic runtime cap
beta_local_baseline_ratio__h1000__baseline10s__log_divide,allowed causal feature columns,false,beta_local_baseline_ratio,direct,ok,False,False,low,low,True,metadata or naming indicates causal online-compatible feature; not selected for model due deterministic runtime cap
beta_local_baseline_ratio__h1000__baseline10s__z_score_MAD,allowed causal feature columns,false,beta_local_baseline_ratio,direct,ok,False,False,low,low,True,metadata or naming indicates causal online-compatible feature; not selected for model due deterministic runtime cap
causal_derivative_on_count__h10__smooth5ms__p75,allowed causal feature columns,true,causal_h25_derivative_on_count,direct,ok,False,False,low,low,True,metadata or naming indicates causal online-compatible feature
causal_rise_slope__h10__smooth5ms__p75,allowed causal feature columns,true,causal_h25_rise_slope,direct,ok,False,False,low,low,True,metadata or naming indicates causal online-compatible feature
causal_derivative_on_count__h10__smooth5ms__p85,allowed causal feature columns,true,causal_h25_derivative_on_count,direct,ok,False,False,low,low,True,metadata or naming indicates causal online-compatible feature
causal_rise_slope__h10__smooth5ms__p85,allowed causal feature columns,true,causal_h25_rise_slope,direct,ok,False,False,low,low,True,metadata or naming indicates causal online-compatible feature
causal_derivative_on_count__h10__smooth5ms__p95,allowed causal feature columns,true,causal_h25_derivative_on_count,direct,ok,False,False,low,low,True,metadata or naming indicates causal online-compatible feature
causal_rise_slope__h10__smooth5ms__p95,allowed causal feature columns,true,causal_h25_rise_slope,direct,ok,False,False,low,low,True,metadata or naming indicates causal online-compatible feature
causal_derivative_on_count__h10__smooth10ms__p75,allowed causal feature columns,true,causal_h25_derivative_on_count,direct,ok,False,False,low,low,True,metadata or naming indicates causal online-compatible feature
causal_rise_slope__h10__smooth10ms__p75,allowed causal feature columns,true,causal_h25_rise_slope,direct,ok,False,False,low,low,True,metadata or naming indicates causal online-compatible feature
causal_derivative_on_count__h10__smooth10ms__p85,allowed causal feature columns,true,causal_h25_derivative_on_count,direct,ok,False,False,low,low,True,metadata or naming indicates causal online-compatible feature
causal_rise_slope__h10__smooth10ms__p85,allowed causal feature columns,true,causal_h25_rise_slope,direct,ok,False,False,low,low,True,metadata or naming indicates causal online-compatible feature
causal_derivative_on_count__h10__smooth10ms__p95,allowed causal feature columns,true,causal_h25_derivative_on_count,direct,ok,False,False,low,low,True,metadata or naming indicates causal online-compatible feature
causal_rise_slope__h10__smooth10ms__p95,allowed causal feature columns,true,causal_h25_rise_slope,direct,ok,False,False,low,low,True,metadata or naming indicates causal online-compatible feature
causal_derivative_on_count__h10__smooth25ms__p75,allowed causal feature columns,true,causal_h25_derivative_on_count,direct,ok,False,False,low,low,True,metadata or naming indicates causal online-compatible feature
causal_rise_slope__h10__smooth25ms__p75,allowed causal feature columns,true,causal_h25_rise_slope,direct,ok,False,False,low,low,True,metadata or naming indicates causal online-compatible feature
causal_derivative_on_count__h10__smooth25ms__p85,allowed causal feature columns,true,causal_h25_derivative_on_count,direct,ok,False,False,low,low,True,metadata or naming indicates causal online-compatible feature
causal_rise_slope__h10__smooth25ms__p85,allowed causal feature columns,true,causal_h25_rise_slope,direct,ok,False,False,low,low,True,metadata or naming indicates causal online-compatible feature
causal_derivative_on_count__h10__smooth25ms__p95,allowed causal feature columns,true,causal_h25_derivative_on_count,direct,ok,False,False,low,low,True,metadata or naming indicates causal online-compatible feature
causal_rise_slope__h10__smooth25ms__p95,allowed causal feature columns,true,causal_h25_rise_slope,direct,ok,False,False,low,low,True,metadata or naming indicates causal online-compatible feature
causal_derivative_on_count__h10__smooth50ms__p75,allowed causal feature columns,true,causal_h25_derivative_on_count,direct,ok,False,False,low,low,True,metadata or naming indicates causal online-compatible feature
causal_rise_slope__h10__smooth50ms__p75,allowed causal feature columns,true,causal_h25_rise_slope,direct,ok,False,False,low,low,True,metadata or naming indicates causal online-compatible feature
causal_derivative_on_count__h10__smooth50ms__p85,allowed causal feature columns,true,causal_h25_derivative_on_count,direct,ok,False,False,low,low,True,metadata or naming indicates causal online-compatible feature
causal_rise_slope__h10__smooth50ms__p85,allowed causal feature columns,true,causal_h25_rise_slope,direct,ok,False,False,low,low,True,metadata or naming indicates causal online-compatible feature
causal_derivative_on_count__h10__smooth50ms__p95,allowed causal feature columns,true,causal_h25_derivative_on_count,direct,ok,False,False,low,low,True,metadata or naming indicates causal online-compatible feature
causal_rise_slope__h10__smooth50ms__p95,allowed causal feature columns,true,causal_h25_rise_slope,direct,ok,False,False,low,low,True,metadata or naming indicates causal online-compatible feature
causal_derivative_on_count__h25__smooth5ms__p75,allowed causal feature columns,true,causal_h25_derivative_on_count,direct,ok,False,False,low,low,True,metadata or naming indicates causal online-compatible feature
causal_rise_slope__h25__smooth5ms__p75,allowed causal feature columns,true,causal_h25_rise_slope,direct,ok,False,False,low,low,True,metadata or naming indicates causal online-compatible feature
causal_derivative_on_count__h25__smooth5ms__p85,allowed causal feature columns,true,causal_h25_derivative_on_count,direct,ok,False,False,low,low,True,metadata or naming indicates causal online-compatible feature
causal_rise_slope__h25__smooth5ms__p85,allowed causal feature columns,true,causal_h25_rise_slope,direct,ok,False,False,low,low,True,metadata or naming indicates causal online-compatible feature
causal_derivative_on_count__h25__smooth5ms__p95,allowed causal feature columns,true,causal_h25_derivative_on_count,direct,ok,False,False,low,low,True,metadata or naming indicates causal online-compatible feature
causal_rise_slope__h25__smooth5ms__p95,allowed causal feature columns,true,causal_h25_rise_slope,direct,ok,False,False,low,low,True,metadata or naming indicates causal online-compatible feature
causal_derivative_on_count__h25__smooth10ms__p75,allowed causal feature columns,true,causal_h25_derivative_on_count,direct,ok,False,False,low,low,True,metadata or naming indicates causal online-compatible feature
causal_rise_slope__h25__smooth10ms__p75,allowed causal feature columns,true,causal_h25_rise_slope,direct,ok,False,False,low,low,True,metadata or naming indicates causal online-compatible feature
causal_derivative_on_count__h25__smooth10ms__p85,allowed causal feature columns,true,causal_h25_derivative_on_count,direct,ok,False,False,low,low,True,metadata or naming indicates causal online-compatible feature
causal_rise_slope__h25__smooth10ms__p85,allowed causal feature columns,true,causal_h25_rise_slope,direct,ok,False,False,low,low,True,metadata or naming indicates causal online-compatible feature
causal_derivative_on_count__h25__smooth10ms__p95,allowed causal feature columns,true,causal_h25_derivative_on_count,direct,ok,False,False,low,low,True,metadata or naming indicates causal online-compatible feature
causal_rise_slope__h25__smooth10ms__p95,allowed causal feature columns,true,causal_h25_rise_slope,direct,ok,False,False,low,low,True,metadata or naming indicates causal online-compatible feature
causal_derivative_on_count__h25__smooth25ms__p75,allowed causal feature columns,false,causal_h25_derivative_on_count,direct,ok,False,False,low,low,True,metadata or naming indicates causal online-compatible feature; not selected for model due deterministic runtime cap
causal_rise_slope__h25__smooth25ms__p75,allowed causal feature columns,false,causal_h25_rise_slope,direct,ok,False,False,low,low,True,metadata or naming indicates causal online-compatible feature; not selected for model due deterministic runtime cap
causal_derivative_on_count__h25__smooth25ms__p85,allowed causal feature columns,false,causal_h25_derivative_on_count,direct,ok,False,False,low,low,True,metadata or naming indicates causal online-compatible feature; not selected for model due deterministic runtime cap
causal_rise_slope__h25__smooth25ms__p85,allowed causal feature columns,false,causal_h25_rise_slope,direct,ok,False,False,low,low,True,metadata or naming indicates causal online-compatible feature; not selected for model due deterministic runtime cap
causal_derivative_on_count__h25__smooth25ms__p95,allowed causal feature columns,false,causal_h25_derivative_on_count,direct,ok,False,False,low,low,True,metadata or naming indicates causal online-compatible feature; not selected for model due deterministic runtime cap
causal_rise_slope__h25__smooth25ms__p95,allowed causal feature columns,false,causal_h25_rise_slope,direct,ok,False,False,low,low,True,metadata or naming indicates causal online-compatible feature; not selected for model due deterministic runtime cap
causal_derivative_on_count__h25__smooth50ms__p75,allowed causal feature columns,false,causal_h25_derivative_on_count,direct,ok,False,False,low,low,True,metadata or naming indicates causal online-compatible feature; not selected for model due deterministic runtime cap
causal_rise_slope__h25__smooth50ms__p75,allowed causal feature columns,false,causal_h25_rise_slope,direct,ok,False,False,low,low,True,metadata or naming indicates causal online-compatible feature; not selected for model due deterministic runtime cap
causal_derivative_on_count__h25__smooth50ms__p85,allowed causal feature columns,false,causal_h25_derivative_on_count,direct,ok,False,False,low,low,True,metadata or naming indicates causal online-compatible feature; not selected for model due deterministic runtime cap
causal_rise_slope__h25__smooth50ms__p85,allowed causal feature columns,false,causal_h25_rise_slope,direct,ok,False,False,low,low,True,metadata or naming indicates causal online-compatible feature; not selected for model due deterministic runtime cap
causal_derivative_on_count__h25__smooth50ms__p95,allowed causal feature columns,false,causal_h25_derivative_on_count,direct,ok,False,False,low,low,True,metadata or naming indicates causal online-compatible feature; not selected for model due deterministic runtime cap
causal_rise_slope__h25__smooth50ms__p95,allowed causal feature columns,false,causal_h25_rise_slope,direct,ok,False,False,low,low,True,metadata or naming indicates causal online-compatible feature; not selected for model due deterministic runtime cap
causal_derivative_on_count__h50__smooth5ms__p75,allowed causal feature columns,false,causal_h25_derivative_on_count,direct,ok,False,False,low,low,True,metadata or naming indicates causal online-compatible feature; not selected for model due deterministic runtime cap
causal_rise_slope__h50__smooth5ms__p75,allowed causal feature columns,false,causal_h25_rise_slope,direct,ok,False,False,low,low,True,metadata or naming indicates causal online-compatible feature; not selected for model due deterministic runtime cap
causal_derivative_on_count__h50__smooth5ms__p85,allowed causal feature columns,false,causal_h25_derivative_on_count,direct,ok,False,False,low,low,True,metadata or naming indicates causal online-compatible feature; not selected for model due deterministic runtime cap
causal_rise_slope__h50__smooth5ms__p85,allowed causal feature columns,false,causal_h25_rise_slope,direct,ok,False,False,low,low,True,metadata or naming indicates causal online-compatible feature; not selected for model due deterministic runtime cap
causal_derivative_on_count__h50__smooth5ms__p95,allowed causal feature columns,false,causal_h25_derivative_on_count,direct,ok,False,False,low,low,True,metadata or naming indicates causal online-compatible feature; not selected for model due deterministic runtime cap
causal_rise_slope__h50__smooth5ms__p95,allowed causal feature columns,false,causal_h25_rise_slope,direct,ok,False,False,low,low,True,metadata or naming indicates causal online-compatible feature; not selected for model due deterministic runtime cap
causal_derivative_on_count__h50__smooth10ms__p75,allowed causal feature columns,false,causal_h25_derivative_on_count,direct,ok,False,False,low,low,True,metadata or naming indicates causal online-compatible feature; not selected for model due deterministic runtime cap
causal_rise_slope__h50__smooth10ms__p75,allowed causal feature columns,false,causal_h25_rise_slope,direct,ok,False,False,low,low,True,metadata or naming indicates causal online-compatible feature; not selected for model due deterministic runtime cap
causal_derivative_on_count__h50__smooth10ms__p85,allowed causal feature columns,false,causal_h25_derivative_on_count,direct,ok,False,False,low,low,True,metadata or naming indicates causal online-compatible feature; not selected for model due deterministic runtime cap
causal_rise_slope__h50__smooth10ms__p85,allowed causal feature columns,false,causal_h25_rise_slope,direct,ok,False,False,low,low,True,metadata or naming indicates causal online-compatible feature; not selected for model due deterministic runtime cap
causal_derivative_on_count__h50__smooth10ms__p95,allowed causal feature columns,false,causal_h25_derivative_on_count,direct,ok,False,False,low,low,True,metadata or naming indicates causal online-compatible feature; not selected for model due deterministic runtime cap
causal_rise_slope__h50__smooth10ms__p95,allowed causal feature columns,false,causal_h25_rise_slope,direct,ok,False,False,low,low,True,metadata or naming indicates causal online-compatible feature; not selected for model due deterministic runtime cap
causal_derivative_on_count__h50__smooth25ms__p75,allowed causal feature columns,false,causal_h25_derivative_on_count,direct,ok,False,False,low,low,True,metadata or naming indicates causal online-compatible feature; not selected for model due deterministic runtime cap
causal_rise_slope__h50__smooth25ms__p75,allowed causal feature columns,false,causal_h25_rise_slope,direct,ok,False,False,low,low,True,metadata or naming indicates causal online-compatible feature; not selected for model due deterministic runtime cap
causal_derivative_on_count__h50__smooth25ms__p85,allowed causal feature columns,false,causal_h25_derivative_on_count,direct,ok,False,False,low,low,True,metadata or naming indicates causal online-compatible feature; not selected for model due deterministic runtime cap
causal_rise_slope__h50__smooth25ms__p85,allowed causal feature columns,false,causal_h25_rise_slope,direct,ok,False,False,low,low,True,metadata or naming indicates causal online-compatible feature; not selected for model due deterministic runtime cap
causal_derivative_on_count__h50__smooth25ms__p95,allowed causal feature columns,false,causal_h25_derivative_on_count,direct,ok,False,False,low,low,True,metadata or naming indicates causal online-compatible feature; not selected for model due deterministic runtime cap
causal_rise_slope__h50__smooth25ms__p95,allowed causal feature columns,false,causal_h25_rise_slope,direct,ok,False,False,low,low,True,metadata or naming indicates causal online-compatible feature; not selected for model due deterministic runtime cap
causal_derivative_on_count__h50__smooth50ms__p75,allowed causal feature columns,false,causal_h25_derivative_on_count,direct,ok,False,False,low,low,True,metadata or naming indicates causal online-compatible feature; not selected for model due deterministic runtime cap
causal_rise_slope__h50__smooth50ms__p75,allowed causal feature columns,false,causal_h25_rise_slope,direct,ok,False,False,low,low,True,metadata or naming indicates causal online-compatible feature; not selected for model due deterministic runtime cap
causal_derivative_on_count__h50__smooth50ms__p85,allowed causal feature columns,false,causal_h25_derivative_on_count,direct,ok,False,False,low,low,True,metadata or naming indicates causal online-compatible feature; not selected for model due deterministic runtime cap
causal_rise_slope__h50__smooth50ms__p85,allowed causal feature columns,false,causal_h25_rise_slope,direct,ok,False,False,low,low,True,metadata or naming indicates causal online-compatible feature; not selected for model due deterministic runtime cap
causal_derivative_on_count__h50__smooth50ms__p95,allowed causal feature columns,false,causal_h25_derivative_on_count,direct,ok,False,False,low,low,True,metadata or naming indicates causal online-compatible feature; not selected for model due deterministic runtime cap
causal_rise_slope__h50__smooth50ms__p95,allowed causal feature columns,false,causal_h25_rise_slope,direct,ok,False,False,low,low,True,metadata or naming indicates causal online-compatible feature; not selected for model due deterministic runtime cap
causal_derivative_on_count__h75__smooth5ms__p75,allowed causal feature columns,false,causal_h25_derivative_on_count,direct,ok,False,False,low,low,True,metadata or naming indicates causal online-compatible feature; not selected for model due deterministic runtime cap
causal_rise_slope__h75__smooth5ms__p75,allowed causal feature columns,false,causal_h25_rise_slope,direct,ok,False,False,low,low,True,metadata or naming indicates causal online-compatible feature; not selected for model due deterministic runtime cap
causal_derivative_on_count__h75__smooth5ms__p85,allowed causal feature columns,false,causal_h25_derivative_on_count,direct,ok,False,False,low,low,True,metadata or naming indicates causal online-compatible feature; not selected for model due deterministic runtime cap
causal_rise_slope__h75__smooth5ms__p85,allowed causal feature columns,false,causal_h25_rise_slope,direct,ok,False,False,low,low,True,metadata or naming indicates causal online-compatible feature; not selected for model due deterministic runtime cap
causal_derivative_on_count__h75__smooth5ms__p95,allowed causal feature columns,false,causal_h25_derivative_on_count,direct,ok,False,False,low,low,True,metadata or naming indicates causal online-compatible feature; not selected for model due deterministic runtime cap
causal_rise_slope__h75__smooth5ms__p95,allowed causal feature columns,false,causal_h25_rise_slope,direct,ok,False,False,low,low,True,metadata or naming indicates causal online-compatible feature; not selected for model due deterministic runtime cap
causal_derivative_on_count__h75__smooth10ms__p75,allowed causal feature columns,false,causal_h25_derivative_on_count,direct,ok,False,False,low,low,True,metadata or naming indicates causal online-compatible feature; not selected for model due deterministic runtime cap
causal_rise_slope__h75__smooth10ms__p75,allowed causal feature columns,false,causal_h25_rise_slope,direct,ok,False,False,low,low,True,metadata or naming indicates causal online-compatible feature; not selected for model due deterministic runtime cap
causal_derivative_on_count__h75__smooth10ms__p85,allowed causal feature columns,false,causal_h25_derivative_on_count,direct,ok,False,False,low,low,True,metadata or naming indicates causal online-compatible feature; not selected for model due deterministic runtime cap
causal_rise_slope__h75__smooth10ms__p85,allowed causal feature columns,false,causal_h25_rise_slope,direct,ok,False,False,low,low,True,metadata or naming indicates causal online-compatible feature; not selected for model due deterministic runtime cap
causal_derivative_on_count__h75__smooth10ms__p95,allowed causal feature columns,false,causal_h25_derivative_on_count,direct,ok,False,False,low,low,True,metadata or naming indicates causal online-compatible feature; not selected for model due deterministic runtime cap
causal_rise_slope__h75__smooth10ms__p95,allowed causal feature columns,false,causal_h25_rise_slope,direct,ok,False,False,low,low,True,metadata or naming indicates causal online-compatible feature; not selected for model due deterministic runtime cap
causal_derivative_on_count__h75__smooth25ms__p75,allowed causal feature columns,false,causal_h25_derivative_on_count,direct,ok,False,False,low,low,True,metadata or naming indicates causal online-compatible feature; not selected for model due deterministic runtime cap
causal_rise_slope__h75__smooth25ms__p75,allowed causal feature columns,false,causal_h25_rise_slope,direct,ok,False,False,low,low,True,metadata or naming indicates causal online-compatible feature; not selected for model due deterministic runtime cap
causal_derivative_on_count__h75__smooth25ms__p85,allowed causal feature columns,false,causal_h25_derivative_on_count,direct,ok,False,False,low,low,True,metadata or naming indicates causal online-compatible feature; not selected for model due deterministic runtime cap
causal_rise_slope__h75__smooth25ms__p85,allowed causal feature columns,false,causal_h25_rise_slope,direct,ok,False,False,low,low,True,metadata or naming indicates causal online-compatible feature; not selected for model due deterministic runtime cap
causal_derivative_on_count__h75__smooth25ms__p95,allowed causal feature columns,false,causal_h25_derivative_on_count,direct,ok,False,False,low,low,True,metadata or naming indicates causal online-compatible feature; not selected for model due deterministic runtime cap
causal_rise_slope__h75__smooth25ms__p95,allowed causal feature columns,false,causal_h25_rise_slope,direct,ok,False,False,low,low,True,metadata or naming indicates causal online-compatible feature; not selected for model due deterministic runtime cap
causal_derivative_on_count__h75__smooth50ms__p75,allowed causal feature columns,false,causal_h25_derivative_on_count,direct,ok,False,False,low,low,True,metadata or naming indicates causal online-compatible feature; not selected for model due deterministic runtime cap
causal_rise_slope__h75__smooth50ms__p75,allowed causal feature columns,false,causal_h25_rise_slope,direct,ok,False,False,low,low,True,metadata or naming indicates causal online-compatible feature; not selected for model due deterministic runtime cap
causal_derivative_on_count__h75__smooth50ms__p85,allowed causal feature columns,false,causal_h25_derivative_on_count,direct,ok,False,False,low,low,True,metadata or naming indicates causal online-compatible feature; not selected for model due deterministic runtime cap
causal_rise_slope__h75__smooth50ms__p85,allowed causal feature columns,false,causal_h25_rise_slope,direct,ok,False,False,low,low,True,metadata or naming indicates causal online-compatible feature; not selected for model due deterministic runtime cap
causal_derivative_on_count__h75__smooth50ms__p95,allowed causal feature columns,false,causal_h25_derivative_on_count,direct,ok,False,False,low,low,True,metadata or naming indicates causal online-compatible feature; not selected for model due deterministic runtime cap
causal_rise_slope__h75__smooth50ms__p95,allowed causal feature columns,false,causal_h25_rise_slope,direct,ok,False,False,low,low,True,metadata or naming indicates causal online-compatible feature; not selected for model due deterministic runtime cap
causal_derivative_on_count__h100__smooth5ms__p75,allowed causal feature columns,false,causal_h25_derivative_on_count,direct,ok,False,False,low,low,True,metadata or naming indicates causal online-compatible feature; not selected for model due deterministic runtime cap
causal_rise_slope__h100__smooth5ms__p75,allowed causal feature columns,false,causal_h25_rise_slope,direct,ok,False,False,low,low,True,metadata or naming indicates causal online-compatible feature; not selected for model due deterministic runtime cap
causal_derivative_on_count__h100__smooth5ms__p85,allowed causal feature columns,false,causal_h25_derivative_on_count,direct,ok,False,False,low,low,True,metadata or naming indicates causal online-compatible feature; not selected for model due deterministic runtime cap
causal_rise_slope__h100__smooth5ms__p85,allowed causal feature columns,false,causal_h25_rise_slope,direct,ok,False,False,low,low,True,metadata or naming indicates causal online-compatible feature; not selected for model due deterministic runtime cap
causal_derivative_on_count__h100__smooth5ms__p95,allowed causal feature columns,false,causal_h25_derivative_on_count,direct,ok,False,False,low,low,True,metadata or naming indicates causal online-compatible feature; not selected for model due deterministic runtime cap
causal_rise_slope__h100__smooth5ms__p95,allowed causal feature columns,false,causal_h25_rise_slope,direct,ok,False,False,low,low,True,metadata or naming indicates causal online-compatible feature; not selected for model due deterministic runtime cap
causal_derivative_on_count__h100__smooth10ms__p75,allowed causal feature columns,false,causal_h25_derivative_on_count,direct,ok,False,False,low,low,True,metadata or naming indicates causal online-compatible feature; not selected for model due deterministic runtime cap
causal_rise_slope__h100__smooth10ms__p75,allowed causal feature columns,false,causal_h25_rise_slope,direct,ok,False,False,low,low,True,metadata or naming indicates causal online-compatible feature; not selected for model due deterministic runtime cap
causal_derivative_on_count__h100__smooth10ms__p85,allowed causal feature columns,false,causal_h25_derivative_on_count,direct,ok,False,False,low,low,True,metadata or naming indicates causal online-compatible feature; not selected for model due deterministic runtime cap
causal_rise_slope__h100__smooth10ms__p85,allowed causal feature columns,false,causal_h25_rise_slope,direct,ok,False,False,low,low,True,metadata or naming indicates causal online-compatible feature; not selected for model due deterministic runtime cap
causal_derivative_on_count__h100__smooth10ms__p95,allowed causal feature columns,false,causal_h25_derivative_on_count,direct,ok,False,False,low,low,True,metadata or naming indicates causal online-compatible feature; not selected for model due deterministic runtime cap
causal_rise_slope__h100__smooth10ms__p95,allowed causal feature columns,false,causal_h25_rise_slope,direct,ok,False,False,low,low,True,metadata or naming indicates causal online-compatible feature; not selected for model due deterministic runtime cap
causal_derivative_on_count__h100__smooth25ms__p75,allowed causal feature columns,false,causal_h25_derivative_on_count,direct,ok,False,False,low,low,True,metadata or naming indicates causal online-compatible feature; not selected for model due deterministic runtime cap
causal_rise_slope__h100__smooth25ms__p75,allowed causal feature columns,false,causal_h25_rise_slope,direct,ok,False,False,low,low,True,metadata or naming indicates causal online-compatible feature; not selected for model due deterministic runtime cap
causal_derivative_on_count__h100__smooth25ms__p85,allowed causal feature columns,false,causal_h25_derivative_on_count,direct,ok,False,False,low,low,True,metadata or naming indicates causal online-compatible feature; not selected for model due deterministic runtime cap
causal_rise_slope__h100__smooth25ms__p85,allowed causal feature columns,false,causal_h25_rise_slope,direct,ok,False,False,low,low,True,metadata or naming indicates causal online-compatible feature; not selected for model due deterministic runtime cap
causal_derivative_on_count__h100__smooth25ms__p95,allowed causal feature columns,false,causal_h25_derivative_on_count,direct,ok,False,False,low,low,True,metadata or naming indicates causal online-compatible feature; not selected for model due deterministic runtime cap
causal_rise_slope__h100__smooth25ms__p95,allowed causal feature columns,false,causal_h25_rise_slope,direct,ok,False,False,low,low,True,metadata or naming indicates causal online-compatible feature; not selected for model due deterministic runtime cap
causal_derivative_on_count__h100__smooth50ms__p75,allowed causal feature columns,false,causal_h25_derivative_on_count,direct,ok,False,False,low,low,True,metadata or naming indicates causal online-compatible feature; not selected for model due deterministic runtime cap
causal_rise_slope__h100__smooth50ms__p75,allowed causal feature columns,false,causal_h25_rise_slope,direct,ok,False,False,low,low,True,metadata or naming indicates causal online-compatible feature; not selected for model due deterministic runtime cap
causal_derivative_on_count__h100__smooth50ms__p85,allowed causal feature columns,false,causal_h25_derivative_on_count,direct,ok,False,False,low,low,True,metadata or naming indicates causal online-compatible feature; not selected for model due deterministic runtime cap
causal_rise_slope__h100__smooth50ms__p85,allowed causal feature columns,false,causal_h25_rise_slope,direct,ok,False,False,low,low,True,metadata or naming indicates causal online-compatible feature; not selected for model due deterministic runtime cap
causal_derivative_on_count__h100__smooth50ms__p95,allowed causal feature columns,false,causal_h25_derivative_on_count,direct,ok,False,False,low,low,True,metadata or naming indicates causal online-compatible feature; not selected for model due deterministic runtime cap
causal_rise_slope__h100__smooth50ms__p95,allowed causal feature columns,false,causal_h25_rise_slope,direct,ok,False,False,low,low,True,metadata or naming indicates causal online-compatible feature; not selected for model due deterministic runtime cap
causal_derivative_on_count__h150__smooth5ms__p75,allowed causal feature columns,false,causal_h25_derivative_on_count,direct,ok,False,False,low,low,True,metadata or naming indicates causal online-compatible feature; not selected for model due deterministic runtime cap
causal_rise_slope__h150__smooth5ms__p75,allowed causal feature columns,false,causal_h25_rise_slope,direct,ok,False,False,low,low,True,metadata or naming indicates causal online-compatible feature; not selected for model due deterministic runtime cap
causal_derivative_on_count__h150__smooth5ms__p85,allowed causal feature columns,false,causal_h25_derivative_on_count,direct,ok,False,False,low,low,True,metadata or naming indicates causal online-compatible feature; not selected for model due deterministic runtime cap
causal_rise_slope__h150__smooth5ms__p85,allowed causal feature columns,false,causal_h25_rise_slope,direct,ok,False,False,low,low,True,metadata or naming indicates causal online-compatible feature; not selected for model due deterministic runtime cap
causal_derivative_on_count__h150__smooth5ms__p95,allowed causal feature columns,false,causal_h25_derivative_on_count,direct,ok,False,False,low,low,True,metadata or naming indicates causal online-compatible feature; not selected for model due deterministic runtime cap
causal_rise_slope__h150__smooth5ms__p95,allowed causal feature columns,false,causal_h25_rise_slope,direct,ok,False,False,low,low,True,metadata or naming indicates causal online-compatible feature; not selected for model due deterministic runtime cap
causal_derivative_on_count__h150__smooth10ms__p75,allowed causal feature columns,false,causal_h25_derivative_on_count,direct,ok,False,False,low,low,True,metadata or naming indicates causal online-compatible feature; not selected for model due deterministic runtime cap
causal_rise_slope__h150__smooth10ms__p75,allowed causal feature columns,false,causal_h25_rise_slope,direct,ok,False,False,low,low,True,metadata or naming indicates causal online-compatible feature; not selected for model due deterministic runtime cap
causal_derivative_on_count__h150__smooth10ms__p85,allowed causal feature columns,false,causal_h25_derivative_on_count,direct,ok,False,False,low,low,True,metadata or naming indicates causal online-compatible feature; not selected for model due deterministic runtime cap
causal_rise_slope__h150__smooth10ms__p85,allowed causal feature columns,false,causal_h25_rise_slope,direct,ok,False,False,low,low,True,metadata or naming indicates causal online-compatible feature; not selected for model due deterministic runtime cap
causal_derivative_on_count__h150__smooth10ms__p95,allowed causal feature columns,false,causal_h25_derivative_on_count,direct,ok,False,False,low,low,True,metadata or naming indicates causal online-compatible feature; not selected for model due deterministic runtime cap
causal_rise_slope__h150__smooth10ms__p95,allowed causal feature columns,false,causal_h25_rise_slope,direct,ok,False,False,low,low,True,metadata or naming indicates causal online-compatible feature; not selected for model due deterministic runtime cap
causal_derivative_on_count__h150__smooth25ms__p75,allowed causal feature columns,false,causal_h25_derivative_on_count,direct,ok,False,False,low,low,True,metadata or naming indicates causal online-compatible feature; not selected for model due deterministic runtime cap
causal_rise_slope__h150__smooth25ms__p75,allowed causal feature columns,false,causal_h25_rise_slope,direct,ok,False,False,low,low,True,metadata or naming indicates causal online-compatible feature; not selected for model due deterministic runtime cap
causal_derivative_on_count__h150__smooth25ms__p85,allowed causal feature columns,false,causal_h25_derivative_on_count,direct,ok,False,False,low,low,True,metadata or naming indicates causal online-compatible feature; not selected for model due deterministic runtime cap
causal_rise_slope__h150__smooth25ms__p85,allowed causal feature columns,false,causal_h25_rise_slope,direct,ok,False,False,low,low,True,metadata or naming indicates causal online-compatible feature; not selected for model due deterministic runtime cap
causal_derivative_on_count__h150__smooth25ms__p95,allowed causal feature columns,false,causal_h25_derivative_on_count,direct,ok,False,False,low,low,True,metadata or naming indicates causal online-compatible feature; not selected for model due deterministic runtime cap
causal_rise_slope__h150__smooth25ms__p95,allowed causal feature columns,false,causal_h25_rise_slope,direct,ok,False,False,low,low,True,metadata or naming indicates causal online-compatible feature; not selected for model due deterministic runtime cap
causal_derivative_on_count__h150__smooth50ms__p75,allowed causal feature columns,false,causal_h25_derivative_on_count,direct,ok,False,False,low,low,True,metadata or naming indicates causal online-compatible feature; not selected for model due deterministic runtime cap
causal_rise_slope__h150__smooth50ms__p75,allowed causal feature columns,false,causal_h25_rise_slope,direct,ok,False,False,low,low,True,metadata or naming indicates causal online-compatible feature; not selected for model due deterministic runtime cap
causal_derivative_on_count__h150__smooth50ms__p85,allowed causal feature columns,false,causal_h25_derivative_on_count,direct,ok,False,False,low,low,True,metadata or naming indicates causal online-compatible feature; not selected for model due deterministic runtime cap
causal_rise_slope__h150__smooth50ms__p85,allowed causal feature columns,false,causal_h25_rise_slope,direct,ok,False,False,low,low,True,metadata or naming indicates causal online-compatible feature; not selected for model due deterministic runtime cap
causal_derivative_on_count__h150__smooth50ms__p95,allowed causal feature columns,false,causal_h25_derivative_on_count,direct,ok,False,False,low,low,True,metadata or naming indicates causal online-compatible feature; not selected for model due deterministic runtime cap
causal_rise_slope__h150__smooth50ms__p95,allowed causal feature columns,false,causal_h25_rise_slope,direct,ok,False,False,low,low,True,metadata or naming indicates causal online-compatible feature; not selected for model due deterministic runtime cap
causal_derivative_on_count__h200__smooth5ms__p75,allowed causal feature columns,false,causal_h25_derivative_on_count,direct,ok,False,False,low,low,True,metadata or naming indicates causal online-compatible feature; not selected for model due deterministic runtime cap
causal_rise_slope__h200__smooth5ms__p75,allowed causal feature columns,false,causal_h25_rise_slope,direct,ok,False,False,low,low,True,metadata or naming indicates causal online-compatible feature; not selected for model due deterministic runtime cap
causal_derivative_on_count__h200__smooth5ms__p85,allowed causal feature columns,false,causal_h25_derivative_on_count,direct,ok,False,False,low,low,True,metadata or naming indicates causal online-compatible feature; not selected for model due deterministic runtime cap
causal_rise_slope__h200__smooth5ms__p85,allowed causal feature columns,false,causal_h25_rise_slope,direct,ok,False,False,low,low,True,metadata or naming indicates causal online-compatible feature; not selected for model due deterministic runtime cap
causal_derivative_on_count__h200__smooth5ms__p95,allowed causal feature columns,false,causal_h25_derivative_on_count,direct,ok,False,False,low,low,True,metadata or naming indicates causal online-compatible feature; not selected for model due deterministic runtime cap
causal_rise_slope__h200__smooth5ms__p95,allowed causal feature columns,false,causal_h25_rise_slope,direct,ok,False,False,low,low,True,metadata or naming indicates causal online-compatible feature; not selected for model due deterministic runtime cap
causal_derivative_on_count__h200__smooth10ms__p75,allowed causal feature columns,false,causal_h25_derivative_on_count,direct,ok,False,False,low,low,True,metadata or naming indicates causal online-compatible feature; not selected for model due deterministic runtime cap
causal_rise_slope__h200__smooth10ms__p75,allowed causal feature columns,false,causal_h25_rise_slope,direct,ok,False,False,low,low,True,metadata or naming indicates causal online-compatible feature; not selected for model due deterministic runtime cap
causal_derivative_on_count__h200__smooth10ms__p85,allowed causal feature columns,false,causal_h25_derivative_on_count,direct,ok,False,False,low,low,True,metadata or naming indicates causal online-compatible feature; not selected for model due deterministic runtime cap
causal_rise_slope__h200__smooth10ms__p85,allowed causal feature columns,false,causal_h25_rise_slope,direct,ok,False,False,low,low,True,metadata or naming indicates causal online-compatible feature; not selected for model due deterministic runtime cap
causal_derivative_on_count__h200__smooth10ms__p95,allowed causal feature columns,false,causal_h25_derivative_on_count,direct,ok,False,False,low,low,True,metadata or naming indicates causal online-compatible feature; not selected for model due deterministic runtime cap
causal_rise_slope__h200__smooth10ms__p95,allowed causal feature columns,false,causal_h25_rise_slope,direct,ok,False,False,low,low,True,metadata or naming indicates causal online-compatible feature; not selected for model due deterministic runtime cap
causal_derivative_on_count__h200__smooth25ms__p75,allowed causal feature columns,false,causal_h25_derivative_on_count,direct,ok,False,False,low,low,True,metadata or naming indicates causal online-compatible feature; not selected for model due deterministic runtime cap
causal_rise_slope__h200__smooth25ms__p75,allowed causal feature columns,false,causal_h25_rise_slope,direct,ok,False,False,low,low,True,metadata or naming indicates causal online-compatible feature; not selected for model due deterministic runtime cap
causal_derivative_on_count__h200__smooth25ms__p85,allowed causal feature columns,false,causal_h25_derivative_on_count,direct,ok,False,False,low,low,True,metadata or naming indicates causal online-compatible feature; not selected for model due deterministic runtime cap
causal_rise_slope__h200__smooth25ms__p85,allowed causal feature columns,false,causal_h25_rise_slope,direct,ok,False,False,low,low,True,metadata or naming indicates causal online-compatible feature; not selected for model due deterministic runtime cap
causal_derivative_on_count__h200__smooth25ms__p95,allowed causal feature columns,false,causal_h25_derivative_on_count,direct,ok,False,False,low,low,True,metadata or naming indicates causal online-compatible feature; not selected for model due deterministic runtime cap
causal_rise_slope__h200__smooth25ms__p95,allowed causal feature columns,false,causal_h25_rise_slope,direct,ok,False,False,low,low,True,metadata or naming indicates causal online-compatible feature; not selected for model due deterministic runtime cap
causal_derivative_on_count__h200__smooth50ms__p75,allowed causal feature columns,false,causal_h25_derivative_on_count,direct,ok,False,False,low,low,True,metadata or naming indicates causal online-compatible feature; not selected for model due deterministic runtime cap
causal_rise_slope__h200__smooth50ms__p75,allowed causal feature columns,false,causal_h25_rise_slope,direct,ok,False,False,low,low,True,metadata or naming indicates causal online-compatible feature; not selected for model due deterministic runtime cap
causal_derivative_on_count__h200__smooth50ms__p85,allowed causal feature columns,false,causal_h25_derivative_on_count,direct,ok,False,False,low,low,True,metadata or naming indicates causal online-compatible feature; not selected for model due deterministic runtime cap
causal_rise_slope__h200__smooth50ms__p85,allowed causal feature columns,false,causal_h25_rise_slope,direct,ok,False,False,low,low,True,metadata or naming indicates causal online-compatible feature; not selected for model due deterministic runtime cap
causal_derivative_on_count__h200__smooth50ms__p95,allowed causal feature columns,false,causal_h25_derivative_on_count,direct,ok,False,False,low,low,True,metadata or naming indicates causal online-compatible feature; not selected for model due deterministic runtime cap
causal_rise_slope__h200__smooth50ms__p95,allowed causal feature columns,false,causal_h25_rise_slope,direct,ok,False,False,low,low,True,metadata or naming indicates causal online-compatible feature; not selected for model due deterministic runtime cap
beta_rise_acceleration__step5ms__smooth10ms,allowed causal feature columns,true,beta_rise_acceleration_per_ms2,direct,ok,False,False,low,low,True,metadata or naming indicates causal online-compatible feature
beta_rise_acceleration__step5ms__smooth25ms,allowed causal feature columns,true,beta_rise_acceleration_per_ms2,direct,ok,False,False,low,low,True,metadata or naming indicates causal online-compatible feature
beta_rise_acceleration__step5ms__smooth50ms,allowed causal feature columns,true,beta_rise_acceleration_per_ms2,direct,ok,False,False,low,low,True,metadata or naming indicates causal online-compatible feature
beta_rise_acceleration__step10ms__smooth10ms,allowed causal feature columns,true,beta_rise_acceleration_per_ms2,direct,ok,False,False,low,low,True,metadata or naming indicates causal online-compatible feature
beta_rise_acceleration__step10ms__smooth25ms,allowed causal feature columns,true,beta_rise_acceleration_per_ms2,direct,ok,False,False,low,low,True,metadata or naming indicates causal online-compatible feature
beta_rise_acceleration__step10ms__smooth50ms,allowed causal feature columns,true,beta_rise_acceleration_per_ms2,direct,ok,False,False,low,low,True,metadata or naming indicates causal online-compatible feature
beta_rise_acceleration__step25ms__smooth10ms,allowed causal feature columns,true,beta_rise_acceleration_per_ms2,direct,ok,False,False,low,low,True,metadata or naming indicates causal online-compatible feature
beta_rise_acceleration__step25ms__smooth25ms,allowed causal feature columns,true,beta_rise_acceleration_per_ms2,direct,ok,False,False,low,low,True,metadata or naming indicates causal online-compatible feature
beta_rise_acceleration__step25ms__smooth50ms,allowed causal feature columns,true,beta_rise_acceleration_per_ms2,direct,ok,False,False,low,low,True,metadata or naming indicates causal online-compatible feature
beta_rise_acceleration__step50ms__smooth10ms,allowed causal feature columns,true,beta_rise_acceleration_per_ms2,direct,ok,False,False,low,low,True,metadata or naming indicates causal online-compatible feature
beta_rise_acceleration__step50ms__smooth25ms,allowed causal feature columns,true,beta_rise_acceleration_per_ms2,direct,ok,False,False,low,low,True,metadata or naming indicates causal online-compatible feature
beta_rise_acceleration__step50ms__smooth50ms,allowed causal feature columns,true,beta_rise_acceleration_per_ms2,direct,ok,False,False,low,low,True,metadata or naming indicates causal online-compatible feature
beta_boundary_contrast__bw5hz__subtract,allowed causal feature columns,true,beta_boundary_contrast,direct,ok,False,False,low,low,True,metadata or naming indicates causal online-compatible feature
beta_boundary_contrast__bw5hz__ratio,allowed causal feature columns,true,beta_boundary_contrast,direct,ok,False,False,low,low,True,metadata or naming indicates causal online-compatible feature
beta_boundary_contrast__bw5hz__log_ratio,allowed causal feature columns,true,beta_boundary_contrast,direct,ok,False,False,low,low,True,metadata or naming indicates causal online-compatible feature
beta_boundary_contrast__bw7hz__subtract,allowed causal feature columns,true,beta_boundary_contrast,direct,ok,False,False,low,low,True,metadata or naming indicates causal online-compatible feature
beta_boundary_contrast__bw7hz__ratio,allowed causal feature columns,true,beta_boundary_contrast,direct,ok,False,False,low,low,True,metadata or naming indicates causal online-compatible feature
beta_boundary_contrast__bw7hz__log_ratio,allowed causal feature columns,true,beta_boundary_contrast,direct,ok,False,False,low,low,True,metadata or naming indicates causal online-compatible feature
beta_boundary_contrast__bw10hz__subtract,allowed causal feature columns,true,beta_boundary_contrast,direct,ok,False,False,low,low,True,metadata or naming indicates causal online-compatible feature
beta_boundary_contrast__bw10hz__ratio,allowed causal feature columns,true,beta_boundary_contrast,direct,ok,False,False,low,low,True,metadata or naming indicates causal online-compatible feature
beta_boundary_contrast__bw10hz__log_ratio,allowed causal feature columns,true,beta_boundary_contrast,direct,ok,False,False,low,low,True,metadata or naming indicates causal online-compatible feature
low_beta_high_beta_ratio__split17hz__ratio,allowed causal feature columns,true,low_beta_high_beta_ratio,direct,ok,False,False,low,low,True,metadata or naming indicates causal online-compatible feature
low_beta_high_beta_ratio__split17hz__log_ratio,allowed causal feature columns,true,low_beta_high_beta_ratio,direct,ok,False,False,low,low,True,metadata or naming indicates causal online-compatible feature
low_beta_high_beta_ratio__split17hz__normalized_difference,allowed causal feature columns,true,low_beta_high_beta_ratio,direct,ok,False,False,low,low,True,metadata or naming indicates causal online-compatible feature
low_beta_high_beta_ratio__split20hz__ratio,allowed causal feature columns,true,low_beta_high_beta_ratio,direct,ok,False,False,low,low,True,metadata or naming indicates causal online-compatible feature
low_beta_high_beta_ratio__split20hz__log_ratio,allowed causal feature columns,true,low_beta_high_beta_ratio,direct,ok,False,False,low,low,True,metadata or naming indicates causal online-compatible feature
low_beta_high_beta_ratio__split20hz__normalized_difference,allowed causal feature columns,true,low_beta_high_beta_ratio,direct,ok,False,False,low,low,True,metadata or naming indicates causal online-compatible feature
low_beta_high_beta_ratio__split22hz__ratio,allowed causal feature columns,true,low_beta_high_beta_ratio,direct,ok,False,False,low,low,True,metadata or naming indicates causal online-compatible feature
low_beta_high_beta_ratio__split22hz__log_ratio,allowed causal feature columns,true,low_beta_high_beta_ratio,direct,ok,False,False,low,low,True,metadata or naming indicates causal online-compatible feature
low_beta_high_beta_ratio__split22hz__normalized_difference,allowed causal feature columns,true,low_beta_high_beta_ratio,direct,ok,False,False,low,low,True,metadata or naming indicates causal online-compatible feature
low_beta_high_beta_ratio__split25hz__ratio,allowed causal feature columns,true,low_beta_high_beta_ratio,direct,ok,False,False,low,low,True,metadata or naming indicates causal online-compatible feature
low_beta_high_beta_ratio__split25hz__log_ratio,allowed causal feature columns,true,low_beta_high_beta_ratio,direct,ok,False,False,low,low,True,metadata or naming indicates causal online-compatible feature
low_beta_high_beta_ratio__split25hz__normalized_difference,allowed causal feature columns,true,low_beta_high_beta_ratio,direct,ok,False,False,low,low,True,metadata or naming indicates causal online-compatible feature
spatial_channel_to_top2_ratio__top2__mean,allowed causal feature columns,true,spatial_channel_to_top2_ratio,direct,ok,False,False,low,low,True,metadata or naming indicates causal online-compatible feature
spatial_channel_to_top2_ratio__top2__median,allowed causal feature columns,true,spatial_channel_to_top2_ratio,direct,ok,False,False,low,low,True,metadata or naming indicates causal online-compatible feature
spatial_channel_to_top2_ratio__top2__top_1,allowed causal feature columns,true,spatial_channel_to_top2_ratio,direct,ok,False,False,low,low,True,metadata or naming indicates causal online-compatible feature
spatial_channel_to_top3_ratio__top3__mean,allowed causal feature columns,true,spatial_channel_to_top2_ratio,direct,ok,False,False,low,low,True,metadata or naming indicates causal online-compatible feature
spatial_channel_to_top3_ratio__top3__median,allowed causal feature columns,true,spatial_channel_to_top2_ratio,direct,ok,False,False,low,low,True,metadata or naming indicates causal online-compatible feature
spatial_channel_to_top3_ratio__top3__top_1,allowed causal feature columns,true,spatial_channel_to_top2_ratio,direct,ok,False,False,low,low,True,metadata or naming indicates causal online-compatible feature
spatial_channel_to_top5_ratio__top5__mean,allowed causal feature columns,true,spatial_channel_to_top2_ratio,direct,ok,False,False,low,low,True,metadata or naming indicates causal online-compatible feature
spatial_channel_to_top5_ratio__top5__median,allowed causal feature columns,true,spatial_channel_to_top2_ratio,direct,ok,False,False,low,low,True,metadata or naming indicates causal online-compatible feature
spatial_channel_to_top5_ratio__top5__top_1,allowed causal feature columns,true,spatial_channel_to_top2_ratio,direct,ok,False,False,low,low,True,metadata or naming indicates causal online-compatible feature
