n_true_events	n_alarms	true_positive_events	true_positive_alarms	false_positive_alarms	recall	precision	F1	fp_per_min_achieved	median_latency_ms	early_warning_candidate_latency_ms	one_alarm_per_burst_fraction	alarms_per_burst	fp_per_min_target	threshold	threshold_selection_mode	n_loso_folds	n_no_feasible_folds	per_subject_recall_median	per_subject_recall_iqr	per_subject_recall_min	per_subject_recall_max	analysis_subtask	tier	scoring_definition	scoring_family	start_offset_s	stop_reference	stop_offset_s	committed_alarm_success_policy	metric_induced_or_score_induced	interpretation	selection_loso_safe	support_status	qc_status	qc_reason	success_alarms_per_detected_burst	threshold_stability	threshold_stability_qc_reason	evaluation_mode	event_metric_qc_reason	target_fp_min	source_table	source_columns	source_lineage	config_hash	random_seed	uses_future_samples	uses_phase3_threshold	uses_phase3_duration_rule	uses_test_participant_statistics	tautology_risk_level	leakage_risk_level	SNN_compatible	DYNAP_candidate
102088	5167	1996	2040	3127	0.019551759266515163	0.3948132378556222	0.0372584240242242	0.49434164308759965	149.99999999999858	-258.0000000000098	0.0191501449729645	0.05061319645795784	0.5	3.1401060309193296	train_subjects_only_per_LOSO_fold	20	0.0	0.003725898276603039	0.01487889532964506	0.0	0.24575036425449248	R2_scoring_tolerance_sensitivity	tier1_continuous	S0_current_policy	current_committed_interval	0.0	offset	0.0	True	metric_induced	current Stage F committed alarm scoring	True	proxy	ok	scoring tolerance sensitivity; underlying causal scores unchanged	NA	NA	NA	NA	NA	NA	causal_feature_matrix.tsv;causal_minimum_sufficient_subset.tsv	fold-local minimum subset score,alternative event scoring windows	Phase 5_2C scoring tolerance sensitivity	b43c5edce66220e2	20260426	False	False	False	False	low	low	True	True
102088	10267	3774	3834	6433	0.036968105947809735	0.37342943410928214	0.06727612881043155	1.0169810649128648	149.99999999999858	-272.50000000001376	0.03642935506621738	0.10057009638743045	1.0	2.379307761759552	train_subjects_only_per_LOSO_fold	20	0.0	0.01515292701807084	0.039360549079820395	0.0	0.28703254006799417	R2_scoring_tolerance_sensitivity	tier1_continuous	S0_current_policy	current_committed_interval	0.0	offset	0.0	True	metric_induced	current Stage F committed alarm scoring	True	proxy	ok	scoring tolerance sensitivity; underlying causal scores unchanged	NA	NA	NA	NA	NA	NA	causal_feature_matrix.tsv;causal_minimum_sufficient_subset.tsv	fold-local minimum subset score,alternative event scoring windows	Phase 5_2C scoring tolerance sensitivity	b43c5edce66220e2	20260426	False	False	False	False	low	low	True	True
102088	19625	7014	7105	12520	0.06870543060888645	0.36203821656050955	0.11549324861374471	1.9792636301428677	149.99999999999858	-278.5000000000082	0.06788261108063631	0.1922361100227255	2.0	1.8900374830503917	train_subjects_only_per_LOSO_fold	20	0.0	0.05564964334596416	0.06416044997403328	0.0005471207769115032	0.31471588149587176	R2_scoring_tolerance_sensitivity	tier1_continuous	S0_current_policy	current_committed_interval	0.0	offset	0.0	True	metric_induced	current Stage F committed alarm scoring	True	proxy	ok	scoring tolerance sensitivity; underlying causal scores unchanged	NA	NA	NA	NA	NA	NA	causal_feature_matrix.tsv;causal_minimum_sufficient_subset.tsv	fold-local minimum subset score,alternative event scoring windows	Phase 5_2C scoring tolerance sensitivity	b43c5edce66220e2	20260426	False	False	False	False	low	low	True	True
102088	44560	14679	14810	29750	0.14378771256171147	0.3323608617594255	0.2007331771414507	4.703122443829897	149.99999999999324	-290.4999999999962	0.1426024606222083	0.4364861687955489	5.0	1.2523293366288044	train_subjects_only_per_LOSO_fold	20	0.0	0.15825448124301408	0.06801469395548944	0.00588154835179866	0.3569694026226323	R2_scoring_tolerance_sensitivity	tier1_continuous	S0_current_policy	current_committed_interval	0.0	offset	0.0	True	metric_induced	current Stage F committed alarm scoring	True	proxy	ok	scoring tolerance sensitivity; underlying causal scores unchanged	NA	NA	NA	NA	NA	NA	causal_feature_matrix.tsv;causal_minimum_sufficient_subset.tsv	fold-local minimum subset score,alternative event scoring windows	Phase 5_2C scoring tolerance sensitivity	b43c5edce66220e2	20260426	False	False	False	False	low	low	True	True
11652	4253	1517	1560	2693	0.13019224167524887	0.36679990594874207	0.19217407047592544	2.708458027642129	149.99999999999858	-271.50000000000284	0.1266735324407827	0.365001716443529	0.5	1.0	train_subjects_only_per_LOSO_fold	3	17.0	0.10815939278937381	0.07596802816088491	0.10061372512553468	0.2525497814473045	R2_scoring_tolerance_sensitivity	tier2_quantized	S0_current_policy	current_committed_interval	0.0	offset	0.0	True	metric_induced	current Stage F committed alarm scoring	True	proxy	ok	scoring tolerance sensitivity; underlying causal scores unchanged	NA	NA	NA	NA	NA	NA	causal_feature_matrix.tsv;causal_minimum_sufficient_subset.tsv	fold-local minimum subset score,alternative event scoring windows	Phase 5_2C scoring tolerance sensitivity	b43c5edce66220e2	20260426	False	False	False	False	low	low	True	True
102088	10507	3860	3920	6587	0.03781051641720868	0.37308461025982675	0.06866239517279474	1.0413266399162195	149.99999999999858	-275.49999999999966	0.037271765535616334	0.10292100932528798	1.0	0.9137254901960784	train_subjects_only_per_LOSO_fold	20	0.0	0.01632630510862269	0.036613161822121064	0.0	0.2889752306945119	R2_scoring_tolerance_sensitivity	tier2_quantized	S0_current_policy	current_committed_interval	0.0	offset	0.0	True	metric_induced	current Stage F committed alarm scoring	True	proxy	ok	scoring tolerance sensitivity; underlying causal scores unchanged	NA	NA	NA	NA	NA	NA	causal_feature_matrix.tsv;causal_minimum_sufficient_subset.tsv	fold-local minimum subset score,alternative event scoring windows	Phase 5_2C scoring tolerance sensitivity	b43c5edce66220e2	20260426	False	False	False	False	low	low	True	True
102088	19896	7094	7186	12710	0.06948906825483896	0.36117812625653395	0.11655371845106884	2.00930037852363	149.99999999999858	-280.50000000001774	0.06866624872658883	0.19489068254838962	2.0	0.803921568627451	train_subjects_only_per_LOSO_fold	20	0.0	0.05790323424025473	0.06498229118539084	0.0005471207769115032	0.32005828071879555	R2_scoring_tolerance_sensitivity	tier2_quantized	S0_current_policy	current_committed_interval	0.0	offset	0.0	True	metric_induced	current Stage F committed alarm scoring	True	proxy	ok	scoring tolerance sensitivity; underlying causal scores unchanged	NA	NA	NA	NA	NA	NA	causal_feature_matrix.tsv;causal_minimum_sufficient_subset.tsv	fold-local minimum subset score,alternative event scoring windows	Phase 5_2C scoring tolerance sensitivity	b43c5edce66220e2	20260426	False	False	False	False	low	low	True	True
102088	43880	14470	14600	29280	0.14174045921166054	0.33272561531449407	0.19879474650851564	4.6288210136248535	149.99999999999858	-289.49999999999676	0.14056500274273176	0.4298252488049526	5.0	0.6862745098039216	train_subjects_only_per_LOSO_fold	20	0.0	0.14917174737901778	0.08832971432279138	0.01176309670359732	0.3546015180265655	R2_scoring_tolerance_sensitivity	tier2_quantized	S0_current_policy	current_committed_interval	0.0	offset	0.0	True	metric_induced	current Stage F committed alarm scoring	True	proxy	ok	scoring tolerance sensitivity; underlying causal scores unchanged	NA	NA	NA	NA	NA	NA	causal_feature_matrix.tsv;causal_minimum_sufficient_subset.tsv	fold-local minimum subset score,alternative event scoring windows	Phase 5_2C scoring tolerance sensitivity	b43c5edce66220e2	20260426	False	False	False	False	low	low	True	True
102088	3278	286	286	2992	0.002801504584280229	0.087248322147651	0.005428696163847921	0.4729997429223211	-42.999999999992156	-256.00000000001444	0.002801504584280229	0.03210955254290416	0.5	3.523366251107714	train_subjects_only_per_LOSO_fold	20	0.0	0.0004426254968479986	0.000689907022464593	0.0	0.09373482272948033	R2_scoring_tolerance_sensitivity	tier1_continuous	S1_onset_tolerance_pm100ms	onset_tolerance	-0.1	onset	0.1	False	metric_induced	metric sensitivity only; widened onset tolerance is not a deployment claim	True	proxy	warning	scoring tolerance sensitivity; underlying causal scores unchanged	NA	NA	NA	NA	NA	NA	causal_feature_matrix.tsv;causal_minimum_sufficient_subset.tsv	fold-local minimum subset score,alternative event scoring windows	Phase 5_2C scoring tolerance sensitivity	b43c5edce66220e2	20260426	False	False	False	False	low	low	True	True
102088	6462	453	453	6009	0.004437348170206096	0.07010213556174559	0.008346384154767388	0.949951689578953	-46.500000000030184	-268.50000000000307	0.004437348170206096	0.06329833085181412	1.0	2.869508042533446	train_subjects_only_per_LOSO_fold	20	0.0	0.0010309283345187599	0.0019494672229859737	0.0	0.11559009227780476	R2_scoring_tolerance_sensitivity	tier1_continuous	S1_onset_tolerance_pm100ms	onset_tolerance	-0.1	onset	0.1	False	metric_induced	metric sensitivity only; widened onset tolerance is not a deployment claim	True	proxy	warning	scoring tolerance sensitivity; underlying causal scores unchanged	NA	NA	NA	NA	NA	NA	causal_feature_matrix.tsv;causal_minimum_sufficient_subset.tsv	fold-local minimum subset score,alternative event scoring windows	Phase 5_2C scoring tolerance sensitivity	b43c5edce66220e2	20260426	False	False	False	False	low	low	True	True
102088	13371	750	750	12621	0.007346602930804796	0.05609154139555755	0.012991624732589057	1.9952305332294835	-49.99999999999716	-275.49999999999386	0.007346602930804796	0.1309752370503879	2.0	2.169998184502818	train_subjects_only_per_LOSO_fold	20	0.0	0.0030194965700577896	0.003812929641926606	0.0	0.14084507042253522	R2_scoring_tolerance_sensitivity	tier1_continuous	S1_onset_tolerance_pm100ms	onset_tolerance	-0.1	onset	0.1	False	metric_induced	metric sensitivity only; widened onset tolerance is not a deployment claim	True	proxy	warning	scoring tolerance sensitivity; underlying causal scores unchanged	NA	NA	NA	NA	NA	NA	causal_feature_matrix.tsv;causal_minimum_sufficient_subset.tsv	fold-local minimum subset score,alternative event scoring windows	Phase 5_2C scoring tolerance sensitivity	b43c5edce66220e2	20260426	False	False	False	False	low	low	True	True
102088	32672	1485	1485	31187	0.014546273802993497	0.04545176297747307	0.022039180765805876	4.930295114478084	-52.500000000009095	-286.5000000000126	0.014546273802993497	0.3200376146070057	5.0	1.4926155793951006	train_subjects_only_per_LOSO_fold	20	0.0	0.009319557332634155	0.008699562450837198	0.0007554772097708386	0.1714424477901894	R2_scoring_tolerance_sensitivity	tier1_continuous	S1_onset_tolerance_pm100ms	onset_tolerance	-0.1	onset	0.1	False	metric_induced	metric sensitivity only; widened onset tolerance is not a deployment claim	True	proxy	warning	scoring tolerance sensitivity; underlying causal scores unchanged	NA	NA	NA	NA	NA	NA	causal_feature_matrix.tsv;causal_minimum_sufficient_subset.tsv	fold-local minimum subset score,alternative event scoring windows	Phase 5_2C scoring tolerance sensitivity	b43c5edce66220e2	20260426	False	False	False	False	low	low	True	True
0	0	0	0	0	NA	NA	NA	NA	NA	NA	NA	NA	NA	NA	unavailable	0	NA	NA	NA	NA	NA	R2_scoring_tolerance_sensitivity	tier2_quantized	S1_onset_tolerance_pm100ms	onset_tolerance	-0.1	onset	0.1	False	metric_induced	metric sensitivity only; widened onset tolerance is not a deployment claim	True	proxy	warning	scoring tolerance sensitivity; underlying causal scores unchanged	NA	NA	single Stage F event reconstruction run; threshold stability requires repeated production event traces	LOSO_fold_local_score_event_reconstruction	no LOSO fold had a feasible train-selected threshold	0.5	causal_feature_matrix.tsv;causal_minimum_sufficient_subset.tsv	fold-local minimum subset score,alternative event scoring windows	Phase 5_2C scoring tolerance sensitivity	b43c5edce66220e2	20260426	False	False	False	False	low	low	True	True
102088	6973	479	479	6494	0.004692030405140663	0.06869353219561164	0.00878407496722018	1.0266244420245834	-49.000000000035016	-272.50000000001376	0.004692030405140663	0.06830381631533579	1.0	1.0	train_subjects_only_per_LOSO_fold	20	0.0	0.0010943046827952617	0.002390800416712333	0.0	0.11801845556095192	R2_scoring_tolerance_sensitivity	tier2_quantized	S1_onset_tolerance_pm100ms	onset_tolerance	-0.1	onset	0.1	False	metric_induced	metric sensitivity only; widened onset tolerance is not a deployment claim	True	proxy	warning	scoring tolerance sensitivity; underlying causal scores unchanged	NA	NA	NA	NA	NA	NA	causal_feature_matrix.tsv;causal_minimum_sufficient_subset.tsv	fold-local minimum subset score,alternative event scoring windows	Phase 5_2C scoring tolerance sensitivity	b43c5edce66220e2	20260426	False	False	False	False	low	low	True	True
102088	13319	746	746	12573	0.00730742104850717	0.05601021097680006	0.012928158603897512	1.9876423020596066	-48.000000000115506	-278.99999999998926	0.00730742104850717	0.13046587258051875	2.0	0.8705882352941177	train_subjects_only_per_LOSO_fold	20	0.0	0.0030194965700577896	0.003904733805641084	0.0	0.14133074307916466	R2_scoring_tolerance_sensitivity	tier2_quantized	S1_onset_tolerance_pm100ms	onset_tolerance	-0.1	onset	0.1	False	metric_induced	metric sensitivity only; widened onset tolerance is not a deployment claim	True	proxy	warning	scoring tolerance sensitivity; underlying causal scores unchanged	NA	NA	NA	NA	NA	NA	causal_feature_matrix.tsv;causal_minimum_sufficient_subset.tsv	fold-local minimum subset score,alternative event scoring windows	Phase 5_2C scoring tolerance sensitivity	b43c5edce66220e2	20260426	False	False	False	False	low	low	True	True
102088	32869	1494	1494	31375	0.014634433038163154	0.04545316255438255	0.022140385456108243	4.9600156865601015	-52.00000000001559	-286.0000000000156	0.014634433038163154	0.3219673223101638	5.0	0.7254901960784313	train_subjects_only_per_LOSO_fold	20	0.0	0.009398280017528484	0.008341788655892513	0.0007554772097708386	0.17192812044681885	R2_scoring_tolerance_sensitivity	tier2_quantized	S1_onset_tolerance_pm100ms	onset_tolerance	-0.1	onset	0.1	False	metric_induced	metric sensitivity only; widened onset tolerance is not a deployment claim	True	proxy	warning	scoring tolerance sensitivity; underlying causal scores unchanged	NA	NA	NA	NA	NA	NA	causal_feature_matrix.tsv;causal_minimum_sufficient_subset.tsv	fold-local minimum subset score,alternative event scoring windows	Phase 5_2C scoring tolerance sensitivity	b43c5edce66220e2	20260426	False	False	False	False	low	low	True	True
102088	10825	7430	7618	3207	0.0727803463678395	0.7037413394919169	0.13191785721960986	0.5069886950373943	149.99999999997726	-274.5000000000033	0.07093879789985111	0.10603596896794922	0.5	2.379307761759552	train_subjects_only_per_LOSO_fold	20	0.0	0.03234584583862328	0.061809558031287036	0.0	0.6338028169014085	R2_scoring_tolerance_sensitivity	tier1_continuous	S1_onset_tolerance_pm200ms	onset_tolerance	-0.2	onset	0.2	False	metric_induced	metric sensitivity only; widened onset tolerance is not a deployment claim	True	proxy	warning	scoring tolerance sensitivity; underlying causal scores unchanged	NA	NA	NA	NA	NA	NA	causal_feature_matrix.tsv;causal_minimum_sufficient_subset.tsv	fold-local minimum subset score,alternative event scoring windows	Phase 5_2C scoring tolerance sensitivity	b43c5edce66220e2	20260426	False	False	False	False	low	low	True	True
102088	20587	13779	14176	6411	0.13497178904474572	0.6885898868217807	0.2257030934438902	1.0135031256266713	149.99999999997726	-278.7500000000023	0.13108298722670636	0.20165935271530444	1.0	1.8350793844875213	train_subjects_only_per_LOSO_fold	20	0.0	0.11387368949409712	0.10661508875764283	0.000683900971139379	0.6925692083535697	R2_scoring_tolerance_sensitivity	tier1_continuous	S1_onset_tolerance_pm200ms	onset_tolerance	-0.2	onset	0.2	False	metric_induced	metric sensitivity only; widened onset tolerance is not a deployment claim	True	proxy	warning	scoring tolerance sensitivity; underlying causal scores unchanged	NA	NA	NA	NA	NA	NA	causal_feature_matrix.tsv;causal_minimum_sufficient_subset.tsv	fold-local minimum subset score,alternative event scoring windows	Phase 5_2C scoring tolerance sensitivity	b43c5edce66220e2	20260426	False	False	False	False	low	low	True	True
102088	36147	23557	24266	11881	0.23075190032129145	0.6713143552715302	0.3434494134581413	1.8782453026938826	149.99999999997726	-289.5000000000012	0.2238069116840373	0.35407687485306794	2.0	1.412253394881552	train_subjects_only_per_LOSO_fold	20	0.0	0.23692645472595236	0.124953386340217	0.011489536315141567	0.7425934919864011	R2_scoring_tolerance_sensitivity	tier1_continuous	S1_onset_tolerance_pm200ms	onset_tolerance	-0.2	onset	0.2	False	metric_induced	metric sensitivity only; widened onset tolerance is not a deployment claim	True	proxy	warning	scoring tolerance sensitivity; underlying causal scores unchanged	NA	NA	NA	NA	NA	NA	causal_feature_matrix.tsv;causal_minimum_sufficient_subset.tsv	fold-local minimum subset score,alternative event scoring windows	Phase 5_2C scoring tolerance sensitivity	b43c5edce66220e2	20260426	False	False	False	False	low	low	True	True
102088	76217	45313	47061	29156	0.44386215813807695	0.6174606715037327	0.5164638290340541	4.609218083102672	149.99999999997726	-296.0000000000207	0.4267396755740146	0.7465813807695322	5.0	0.9343809805634625	train_subjects_only_per_LOSO_fold	20	0.0	0.4667373112319838	0.11291168636456805	0.13595951306250856	0.8223434535104365	R2_scoring_tolerance_sensitivity	tier1_continuous	S1_onset_tolerance_pm200ms	onset_tolerance	-0.2	onset	0.2	False	metric_induced	metric sensitivity only; widened onset tolerance is not a deployment claim	True	proxy	warning	scoring tolerance sensitivity; underlying causal scores unchanged	NA	NA	NA	NA	NA	NA	causal_feature_matrix.tsv;causal_minimum_sufficient_subset.tsv	fold-local minimum subset score,alternative event scoring windows	Phase 5_2C scoring tolerance sensitivity	b43c5edce66220e2	20260426	False	False	False	False	low	low	True	True
102088	11235	7693	7888	3347	0.07535655512890839	0.7020916777926124	0.13610477966953585	0.529121035949535	149.99999999997726	-275.2499999999998	0.07344643836689915	0.11005211190345585	0.5	0.8980392156862745	train_subjects_only_per_LOSO_fold	20	0.0	0.03585243140141852	0.06604277396853106	0.0	0.6376881981544439	R2_scoring_tolerance_sensitivity	tier2_quantized	S1_onset_tolerance_pm200ms	onset_tolerance	-0.2	onset	0.2	False	metric_induced	metric sensitivity only; widened onset tolerance is not a deployment claim	True	proxy	warning	scoring tolerance sensitivity; underlying causal scores unchanged	NA	NA	NA	NA	NA	NA	causal_feature_matrix.tsv;causal_minimum_sufficient_subset.tsv	fold-local minimum subset score,alternative event scoring windows	Phase 5_2C scoring tolerance sensitivity	b43c5edce66220e2	20260426	False	False	False	False	low	low	True	True
102088	20644	13807	14205	6439	0.13524606222082908	0.6880933927533424	0.22605966772958622	1.0179295938090995	149.99999999997726	-278.5000000000082	0.13134746493221533	0.2022176945380456	1.0	0.796078431372549	train_subjects_only_per_LOSO_fold	20	0.0	0.11442616970696051	0.10699906705832163	0.0005471207769115032	0.6930548810101991	R2_scoring_tolerance_sensitivity	tier2_quantized	S1_onset_tolerance_pm200ms	onset_tolerance	-0.2	onset	0.2	False	metric_induced	metric sensitivity only; widened onset tolerance is not a deployment claim	True	proxy	warning	scoring tolerance sensitivity; underlying causal scores unchanged	NA	NA	NA	NA	NA	NA	causal_feature_matrix.tsv;causal_minimum_sufficient_subset.tsv	fold-local minimum subset score,alternative event scoring windows	Phase 5_2C scoring tolerance sensitivity	b43c5edce66220e2	20260426	False	False	False	False	low	low	True	True
102088	36358	23672	24386	11972	0.23187837943734818	0.6707189614390231	0.3446170707424767	1.892631324286774	149.99999999997726	-288.75000000001626	0.22488441344722201	0.3561437191442677	2.0	0.7098039215686275	train_subjects_only_per_LOSO_fold	20	0.0	0.2377179044333183	0.12520713703211828	0.010258514567090685	0.74356483729966	R2_scoring_tolerance_sensitivity	tier2_quantized	S1_onset_tolerance_pm200ms	onset_tolerance	-0.2	onset	0.2	False	metric_induced	metric sensitivity only; widened onset tolerance is not a deployment claim	True	proxy	warning	scoring tolerance sensitivity; underlying causal scores unchanged	NA	NA	NA	NA	NA	NA	causal_feature_matrix.tsv;causal_minimum_sufficient_subset.tsv	fold-local minimum subset score,alternative event scoring windows	Phase 5_2C scoring tolerance sensitivity	b43c5edce66220e2	20260426	False	False	False	False	low	low	True	True
102088	77301	45814	47606	29695	0.44876968889585456	0.615852317563809	0.5191999625819739	4.694427595614413	149.99999999997726	-296.0000000000207	0.4312162056265183	0.7571996708721886	5.0	0.611764705882353	train_subjects_only_per_LOSO_fold	20	0.0	0.4688880975741302	0.11281935278728716	0.1391054575297497	0.8222438076736279	R2_scoring_tolerance_sensitivity	tier2_quantized	S1_onset_tolerance_pm200ms	onset_tolerance	-0.2	onset	0.2	False	metric_induced	metric sensitivity only; widened onset tolerance is not a deployment claim	True	proxy	warning	scoring tolerance sensitivity; underlying causal scores unchanged	NA	NA	NA	NA	NA	NA	causal_feature_matrix.tsv;causal_minimum_sufficient_subset.tsv	fold-local minimum subset score,alternative event scoring windows	Phase 5_2C scoring tolerance sensitivity	b43c5edce66220e2	20260426	False	False	False	False	low	low	True	True
102088	20237	15323	16857	3380	0.15009599561162917	0.8329791965212235	0.2543586550167606	0.5343379448788254	149.99999999997726	-278.7500000000023	0.13475628869210876	0.1982309380142622	0.5	1.8350793844875213	train_subjects_only_per_LOSO_fold	20	0.0	0.12021063350723543	0.11568544735289206	0.0010942415538230065	0.7955318115590092	R2_scoring_tolerance_sensitivity	tier1_continuous	S1_onset_tolerance_pm400ms	onset_tolerance	-0.4	onset	0.4	False	metric_induced	metric sensitivity only; widened onset tolerance is not a deployment claim	True	proxy	warning	scoring tolerance sensitivity; underlying causal scores unchanged	NA	NA	NA	NA	NA	NA	causal_feature_matrix.tsv;causal_minimum_sufficient_subset.tsv	fold-local minimum subset score,alternative event scoring windows	Phase 5_2C scoring tolerance sensitivity	b43c5edce66220e2	20260426	False	False	False	False	low	low	True	True
102088	33987	25041	27712	6275	0.24528837865371053	0.8153705828699208	0.377125797319043	0.9920031373120204	149.99999999997726	-289.74999999999795	0.21938915445498003	0.33291865841235013	1.0	1.465194085846606	train_subjects_only_per_LOSO_fold	20	0.0	0.24867281415167738	0.12721742925832735	0.011352756120913693	0.8421563865954347	R2_scoring_tolerance_sensitivity	tier1_continuous	S1_onset_tolerance_pm400ms	onset_tolerance	-0.4	onset	0.4	False	metric_induced	metric sensitivity only; widened onset tolerance is not a deployment claim	True	proxy	warning	scoring tolerance sensitivity; underlying causal scores unchanged	NA	NA	NA	NA	NA	NA	causal_feature_matrix.tsv;causal_minimum_sufficient_subset.tsv	fold-local minimum subset score,alternative event scoring windows	Phase 5_2C scoring tolerance sensitivity	b43c5edce66220e2	20260426	False	False	False	False	low	low	True	True
102088	54803	38194	42845	11958	0.37412820311887784	0.7818002664087732	0.506075482315781	1.89041809019556	149.99999999997726	-292.2499999999886	0.329010265653162	0.5368211738891936	2.0	1.1282838586373554	train_subjects_only_per_LOSO_fold	20	0.0	0.39915123975900013	0.14423589599457598	0.03515250991656408	0.8732394366197183	R2_scoring_tolerance_sensitivity	tier1_continuous	S1_onset_tolerance_pm400ms	onset_tolerance	-0.4	onset	0.4	False	metric_induced	metric sensitivity only; widened onset tolerance is not a deployment claim	True	proxy	warning	scoring tolerance sensitivity; underlying causal scores unchanged	NA	NA	NA	NA	NA	NA	causal_feature_matrix.tsv;causal_minimum_sufficient_subset.tsv	fold-local minimum subset score,alternative event scoring windows	Phase 5_2C scoring tolerance sensitivity	b43c5edce66220e2	20260426	False	False	False	False	low	low	True	True
102088	104579	64001	74873	29706	0.6269199122325837	0.7159467962019144	0.6684822846808955	4.69616656525751	149.99999999997726	-301.0000000000659	0.5213247394404827	1.0244005172008464	5.0	0.7216378494062482	train_subjects_only_per_LOSO_fold	20	0.0	0.6548054825872545	0.1154746192640076	0.32758856517576257	0.9164643030597377	R2_scoring_tolerance_sensitivity	tier1_continuous	S1_onset_tolerance_pm400ms	onset_tolerance	-0.4	onset	0.4	False	metric_induced	metric sensitivity only; widened onset tolerance is not a deployment claim	True	proxy	warning	scoring tolerance sensitivity; underlying causal scores unchanged	NA	NA	NA	NA	NA	NA	causal_feature_matrix.tsv;causal_minimum_sufficient_subset.tsv	fold-local minimum subset score,alternative event scoring windows	Phase 5_2C scoring tolerance sensitivity	b43c5edce66220e2	20260426	False	False	False	False	low	low	True	True
102088	19994	15146	16671	3323	0.14836219731995925	0.8338001400420126	0.2519021880529145	0.5253269203645966	149.99999999997726	-281.2500000000213	0.1331400360473317	0.19585063866468144	0.5	0.803921568627451	train_subjects_only_per_LOSO_fold	20	0.0	0.122700020995167	0.11522829700868133	0.0010942415538230065	0.7969888295288975	R2_scoring_tolerance_sensitivity	tier2_quantized	S1_onset_tolerance_pm400ms	onset_tolerance	-0.4	onset	0.4	False	metric_induced	metric sensitivity only; widened onset tolerance is not a deployment claim	True	proxy	warning	scoring tolerance sensitivity; underlying causal scores unchanged	NA	NA	NA	NA	NA	NA	causal_feature_matrix.tsv;causal_minimum_sufficient_subset.tsv	fold-local minimum subset score,alternative event scoring windows	Phase 5_2C scoring tolerance sensitivity	b43c5edce66220e2	20260426	False	False	False	False	low	low	True	True
102088	34088	25100	27784	6304	0.2458663114176005	0.8150668857075803	0.3777758850238119	0.9965876936438209	149.99999999997726	-288.00000000002865	0.21984954157197711	0.33390800094036516	1.0	0.7215686274509804	train_subjects_only_per_LOSO_fold	20	0.0	0.24867281415167738	0.1271401375594558	0.012036657092053071	0.8431277319086935	R2_scoring_tolerance_sensitivity	tier2_quantized	S1_onset_tolerance_pm400ms	onset_tolerance	-0.4	onset	0.4	False	metric_induced	metric sensitivity only; widened onset tolerance is not a deployment claim	True	proxy	warning	scoring tolerance sensitivity; underlying causal scores unchanged	NA	NA	NA	NA	NA	NA	causal_feature_matrix.tsv;causal_minimum_sufficient_subset.tsv	fold-local minimum subset score,alternative event scoring windows	Phase 5_2C scoring tolerance sensitivity	b43c5edce66220e2	20260426	False	False	False	False	low	low	True	True
102088	53910	37512	42105	11805	0.3674476921871327	0.7810239287701725	0.4997693193852043	1.8662306033415776	149.99999999997726	-292.50000000000045	0.3228978920147324	0.5280738186662487	2.0	0.6588235294117647	train_subjects_only_per_LOSO_fold	20	0.0	0.38314633204238935	0.17276088822146596	0.04718916700861715	0.8746964545896067	R2_scoring_tolerance_sensitivity	tier2_quantized	S1_onset_tolerance_pm400ms	onset_tolerance	-0.4	onset	0.4	False	metric_induced	metric sensitivity only; widened onset tolerance is not a deployment claim	True	proxy	warning	scoring tolerance sensitivity; underlying causal scores unchanged	NA	NA	NA	NA	NA	NA	causal_feature_matrix.tsv;causal_minimum_sufficient_subset.tsv	fold-local minimum subset score,alternative event scoring windows	Phase 5_2C scoring tolerance sensitivity	b43c5edce66220e2	20260426	False	False	False	False	low	low	True	True
102088	107229	64925	76239	30990	0.6359709270433351	0.7109923621408387	0.6713924207174341	4.899151749051715	149.99999999997726	-302.5000000000255	0.5260853381396442	1.0503585142230232	5.0	0.5647058823529412	train_subjects_only_per_LOSO_fold	20	0.0	0.6676818097447459	0.1165721897180999	0.3132266447818356	0.9188926663428849	R2_scoring_tolerance_sensitivity	tier2_quantized	S1_onset_tolerance_pm400ms	onset_tolerance	-0.4	onset	0.4	False	metric_induced	metric sensitivity only; widened onset tolerance is not a deployment claim	True	proxy	warning	scoring tolerance sensitivity; underlying causal scores unchanged	NA	NA	NA	NA	NA	NA	causal_feature_matrix.tsv;causal_minimum_sufficient_subset.tsv	fold-local minimum subset score,alternative event scoring windows	Phase 5_2C scoring tolerance sensitivity	b43c5edce66220e2	20260426	False	False	False	False	low	low	True	True
102088	46901	36727	43995	2906	0.3597582477862237	0.9380397006460417	0.5200617237313299	0.4594041620762918	149.99999999997726	-288.99999999998903	0.2862530365958781	0.4594173654102343	0.5	1.2523293366288044	train_subjects_only_per_LOSO_fold	20	0.0	0.3819717929304605	0.1562420263425412	0.04349610176446451	0.9174356483729966	R2_scoring_tolerance_sensitivity	tier1_continuous	S1_onset_tolerance_pm600ms	onset_tolerance	-0.6	onset	0.6	False	metric_induced	metric sensitivity only; widened onset tolerance is not a deployment claim	True	proxy	warning	scoring tolerance sensitivity; underlying causal scores unchanged	NA	NA	NA	NA	NA	NA	causal_feature_matrix.tsv;causal_minimum_sufficient_subset.tsv	fold-local minimum subset score,alternative event scoring windows	Phase 5_2C scoring tolerance sensitivity	b43c5edce66220e2	20260426	False	False	False	False	low	low	True	True
102088	67819	50004	62157	5662	0.48981271060261733	0.9165130715581179	0.6384292424659584	0.8950951017467186	149.99999999997726	-295.99999999999227	0.37798761852519397	0.6643190188856672	1.0	1.023962391303072	train_subjects_only_per_LOSO_fold	20	0.0	0.5286830058831848	0.1276804976420049	0.12843660237997537	0.9344341913550267	R2_scoring_tolerance_sensitivity	tier1_continuous	S1_onset_tolerance_pm600ms	onset_tolerance	-0.6	onset	0.6	False	metric_induced	metric sensitivity only; widened onset tolerance is not a deployment claim	True	proxy	warning	scoring tolerance sensitivity; underlying causal scores unchanged	NA	NA	NA	NA	NA	NA	causal_feature_matrix.tsv;causal_minimum_sufficient_subset.tsv	fold-local minimum subset score,alternative event scoring windows	Phase 5_2C scoring tolerance sensitivity	b43c5edce66220e2	20260426	False	False	False	False	low	low	True	True
102088	99893	66436	87712	12181	0.6507718830812632	0.8780595236903487	0.7475205534873837	1.9256717475056127	149.99999999997726	-300.25000000001967	0.4664896951649557	0.978498942089178	2.0	0.7216378494062482	train_subjects_only_per_LOSO_fold	20	0.0	0.6778985385557519	0.14137145296990816	0.3103542607030502	0.95726080621661	R2_scoring_tolerance_sensitivity	tier1_continuous	S1_onset_tolerance_pm600ms	onset_tolerance	-0.6	onset	0.6	False	metric_induced	metric sensitivity only; widened onset tolerance is not a deployment claim	True	proxy	warning	scoring tolerance sensitivity; underlying causal scores unchanged	NA	NA	NA	NA	NA	NA	causal_feature_matrix.tsv;causal_minimum_sufficient_subset.tsv	fold-local minimum subset score,alternative event scoring windows	Phase 5_2C scoring tolerance sensitivity	b43c5edce66220e2	20260426	False	False	False	False	low	low	True	True
102088	161877	87202	131397	30480	0.8541846250293864	0.8117088900832113	0.8324052499380596	4.818526792871774	149.99999999997726	-322.5000000000016	0.49530796959485934	1.585661390173184	5.0	0.3810669405955284	train_subjects_only_per_LOSO_fold	20	0.0	0.8761077085408135	0.07936396385917588	0.688239738101234	0.9713453132588635	R2_scoring_tolerance_sensitivity	tier1_continuous	S1_onset_tolerance_pm600ms	onset_tolerance	-0.6	onset	0.6	False	metric_induced	metric sensitivity only; widened onset tolerance is not a deployment claim	True	proxy	warning	scoring tolerance sensitivity; underlying causal scores unchanged	NA	NA	NA	NA	NA	NA	causal_feature_matrix.tsv;causal_minimum_sufficient_subset.tsv	fold-local minimum subset score,alternative event scoring windows	Phase 5_2C scoring tolerance sensitivity	b43c5edce66220e2	20260426	False	False	False	False	low	low	True	True
102088	47327	36766	44067	3260	0.3601402711386255	0.9311175438967185	0.5193895762973045	0.5153673669541333	149.99999999997726	-289.5000000000058	0.28633140036047333	0.4635902358749314	0.5	0.6666666666666666	train_subjects_only_per_LOSO_fold	20	0.0	0.36535969365610815	0.14439964330266541	0.03610997127615921	0.9232637202525498	R2_scoring_tolerance_sensitivity	tier2_quantized	S1_onset_tolerance_pm600ms	onset_tolerance	-0.6	onset	0.6	False	metric_induced	metric sensitivity only; widened onset tolerance is not a deployment claim	True	proxy	warning	scoring tolerance sensitivity; underlying causal scores unchanged	NA	NA	NA	NA	NA	NA	causal_feature_matrix.tsv;causal_minimum_sufficient_subset.tsv	fold-local minimum subset score,alternative event scoring windows	Phase 5_2C scoring tolerance sensitivity	b43c5edce66220e2	20260426	False	False	False	False	low	low	True	True
102088	70653	51872	64782	5871	0.5081106496356085	0.9169037408177997	0.6538720710771436	0.9281355249655572	149.99999999997726	-295.00000000000523	0.3908980487422616	0.692079382493535	1.0	0.6235294117647059	train_subjects_only_per_LOSO_fold	20	0.0	0.5436622647834182	0.1207496021975818	0.15114211462180277	0.9383195726080622	R2_scoring_tolerance_sensitivity	tier2_quantized	S1_onset_tolerance_pm600ms	onset_tolerance	-0.6	onset	0.6	False	metric_induced	metric sensitivity only; widened onset tolerance is not a deployment claim	True	proxy	warning	scoring tolerance sensitivity; underlying causal scores unchanged	NA	NA	NA	NA	NA	NA	causal_feature_matrix.tsv;causal_minimum_sufficient_subset.tsv	fold-local minimum subset score,alternative event scoring windows	Phase 5_2C scoring tolerance sensitivity	b43c5edce66220e2	20260426	False	False	False	False	low	low	True	True
102088	101856	67553	89638	12218	0.6617134237128751	0.8800463399308828	0.7554205140823813	1.9315210090323927	149.99999999997726	-300.50000000001376	0.47162252174594466	0.9977274508267377	2.0	0.5725490196078431	train_subjects_only_per_LOSO_fold	20	0.0	0.6995154564200425	0.12785546390906022	0.31938175352209003	0.9562894609033511	R2_scoring_tolerance_sensitivity	tier2_quantized	S1_onset_tolerance_pm600ms	onset_tolerance	-0.6	onset	0.6	False	metric_induced	metric sensitivity only; widened onset tolerance is not a deployment claim	True	proxy	warning	scoring tolerance sensitivity; underlying causal scores unchanged	NA	NA	NA	NA	NA	NA	causal_feature_matrix.tsv;causal_minimum_sufficient_subset.tsv	fold-local minimum subset score,alternative event scoring windows	Phase 5_2C scoring tolerance sensitivity	b43c5edce66220e2	20260426	False	False	False	False	low	low	True	True
102088	162801	87424	131961	30840	0.8563592194969046	0.8105662741629351	0.8328337463585924	4.8754385266458495	149.99999999997726	-322.00000000004536	0.49485737794843665	1.5947124049839354	5.0	0.5019607843137255	train_subjects_only_per_LOSO_fold	20	0.0	0.8773624970725354	0.07783496944815638	0.6916974422103679	0.9717741935483871	R2_scoring_tolerance_sensitivity	tier2_quantized	S1_onset_tolerance_pm600ms	onset_tolerance	-0.6	onset	0.6	False	metric_induced	metric sensitivity only; widened onset tolerance is not a deployment claim	True	proxy	warning	scoring tolerance sensitivity; underlying causal scores unchanged	NA	NA	NA	NA	NA	NA	causal_feature_matrix.tsv;causal_minimum_sufficient_subset.tsv	fold-local minimum subset score,alternative event scoring windows	Phase 5_2C scoring tolerance sensitivity	b43c5edce66220e2	20260426	False	False	False	False	low	low	True	True
102088	13450	9631	10169	3281	0.09434017710210799	0.7560594795539033	0.1677488570052297	0.5186872180909544	149.99999999997726	-275.49999999999386	0.08907021393307735	0.131749079225766	0.5	2.169998184502818	train_subjects_only_per_LOSO_fold	20	0.0	0.05909291733668097	0.07955345042682462	0.00020833333333333335	0.6949975716367168	R2_scoring_tolerance_sensitivity	tier1_continuous	S2_early_warning_minus300_plus200ms	early_warning_hybrid	-0.3	onset	0.2	False	metric_induced	candidate-state sensitivity; committed alarm success remains separate	True	proxy	warning	scoring tolerance sensitivity; underlying causal scores unchanged	NA	NA	NA	NA	NA	NA	causal_feature_matrix.tsv;causal_minimum_sufficient_subset.tsv	fold-local minimum subset score,alternative event scoring windows	Phase 5_2C scoring tolerance sensitivity	b43c5edce66220e2	20260426	False	False	False	False	low	low	True	True
102088	24142	16749	17727	6415	0.1640643366507327	0.7342805070002485	0.2682026732784662	1.014135478224161	149.99999999997726	-281.9999999999965	0.15448436642896324	0.23648225060731917	1.0	1.6983438448261217	train_subjects_only_per_LOSO_fold	20	0.0	0.14883543932650775	0.11149229520364969	0.002051702913418137	0.7498785818358427	R2_scoring_tolerance_sensitivity	tier1_continuous	S2_early_warning_minus300_plus200ms	early_warning_hybrid	-0.3	onset	0.2	False	metric_induced	candidate-state sensitivity; committed alarm success remains separate	True	proxy	warning	scoring tolerance sensitivity; underlying causal scores unchanged	NA	NA	NA	NA	NA	NA	causal_feature_matrix.tsv;causal_minimum_sufficient_subset.tsv	fold-local minimum subset score,alternative event scoring windows	Phase 5_2C scoring tolerance sensitivity	b43c5edce66220e2	20260426	False	False	False	False	low	low	True	True
102088	37180	24921	26436	10744	0.24411292218478176	0.7110274341043572	0.36344602874306525	1.6984990768574257	149.99999999997726	-290.4999999999891	0.22927278426455608	0.36419559595642975	2.0	1.412253394881552	train_subjects_only_per_LOSO_fold	20	0.0	0.24932388034099617	0.12891063494387034	0.013814799617015457	0.7984458474987858	R2_scoring_tolerance_sensitivity	tier1_continuous	S2_early_warning_minus300_plus200ms	early_warning_hybrid	-0.3	onset	0.2	False	metric_induced	candidate-state sensitivity; committed alarm success remains separate	True	proxy	warning	scoring tolerance sensitivity; underlying causal scores unchanged	NA	NA	NA	NA	NA	NA	causal_feature_matrix.tsv;causal_minimum_sufficient_subset.tsv	fold-local minimum subset score,alternative event scoring windows	Phase 5_2C scoring tolerance sensitivity	b43c5edce66220e2	20260426	False	False	False	False	low	low	True	True
102088	85313	51602	55659	29654	0.5054658725805188	0.6524093631685675	0.5696134744955587	4.687945981490143	149.99999999997726	-299.0000000000066	0.465725648460152	0.8356809811143328	5.0	0.8562583098336929	train_subjects_only_per_LOSO_fold	20	0.0	0.5247963500068851	0.11690506594279615	0.19627957871700177	0.8547838756677999	R2_scoring_tolerance_sensitivity	tier1_continuous	S2_early_warning_minus300_plus200ms	early_warning_hybrid	-0.3	onset	0.2	False	metric_induced	candidate-state sensitivity; committed alarm success remains separate	True	proxy	warning	scoring tolerance sensitivity; underlying causal scores unchanged	NA	NA	NA	NA	NA	NA	causal_feature_matrix.tsv;causal_minimum_sufficient_subset.tsv	fold-local minimum subset score,alternative event scoring windows	Phase 5_2C scoring tolerance sensitivity	b43c5edce66220e2	20260426	False	False	False	False	low	low	True	True
102088	13492	9590	10136	3356	0.09393856280855732	0.7512600059294396	0.1669957519164624	0.5305438292938869	149.99999999997726	-278.99999999998926	0.08859023587493144	0.13216048898989108	0.5	0.8705882352941177	train_subjects_only_per_LOSO_fold	20	0.0	0.05589489566152564	0.08517984205505427	0.00020833333333333335	0.6949975716367168	R2_scoring_tolerance_sensitivity	tier2_quantized	S2_early_warning_minus300_plus200ms	early_warning_hybrid	-0.3	onset	0.2	False	metric_induced	candidate-state sensitivity; committed alarm success remains separate	True	proxy	warning	scoring tolerance sensitivity; underlying causal scores unchanged	NA	NA	NA	NA	NA	NA	causal_feature_matrix.tsv;causal_minimum_sufficient_subset.tsv	fold-local minimum subset score,alternative event scoring windows	Phase 5_2C scoring tolerance sensitivity	b43c5edce66220e2	20260426	False	False	False	False	low	low	True	True
102088	24265	16816	17798	6467	0.16472063317921792	0.7334844426128169	0.2690254710657255	1.0223560619915275	149.99999999997726	-280.9999999999846	0.15510148107515084	0.23768709348797115	1.0	0.7686274509803922	train_subjects_only_per_LOSO_fold	20	0.0	0.1448742624881863	0.11325927689757183	0.0025988236903296403	0.7498785818358427	R2_scoring_tolerance_sensitivity	tier2_quantized	S2_early_warning_minus300_plus200ms	early_warning_hybrid	-0.3	onset	0.2	False	metric_induced	candidate-state sensitivity; committed alarm success remains separate	True	proxy	warning	scoring tolerance sensitivity; underlying causal scores unchanged	NA	NA	NA	NA	NA	NA	causal_feature_matrix.tsv;causal_minimum_sufficient_subset.tsv	fold-local minimum subset score,alternative event scoring windows	Phase 5_2C scoring tolerance sensitivity	b43c5edce66220e2	20260426	False	False	False	False	low	low	True	True
102088	39088	26099	27716	11372	0.2556519865214325	0.7090667212443716	0.3758076098310073	1.797778434663314	149.99999999997726	-289.75000000001216	0.23981271060261736	0.38288535381239713	2.0	0.7098039215686275	train_subjects_only_per_LOSO_fold	20	0.0	0.2513465406284762	0.1467743915911092	0.013814799617015457	0.7926177756192326	R2_scoring_tolerance_sensitivity	tier2_quantized	S2_early_warning_minus300_plus200ms	early_warning_hybrid	-0.3	onset	0.2	False	metric_induced	candidate-state sensitivity; committed alarm success remains separate	True	proxy	warning	scoring tolerance sensitivity; underlying causal scores unchanged	NA	NA	NA	NA	NA	NA	causal_feature_matrix.tsv;causal_minimum_sufficient_subset.tsv	fold-local minimum subset score,alternative event scoring windows	Phase 5_2C scoring tolerance sensitivity	b43c5edce66220e2	20260426	False	False	False	False	low	low	True	True
102088	84323	50954	54968	29355	0.4991184076483034	0.6518743403341911	0.5653597441073331	4.640677624827786	149.99999999997726	-298.7500000000054	0.45979938876263615	0.8259834652456705	5.0	0.6	train_subjects_only_per_LOSO_fold	20	0.0	0.5191627148742312	0.11553473762292826	0.18629462453836684	0.8596406022340942	R2_scoring_tolerance_sensitivity	tier2_quantized	S2_early_warning_minus300_plus200ms	early_warning_hybrid	-0.3	onset	0.2	False	metric_induced	candidate-state sensitivity; committed alarm success remains separate	True	proxy	warning	scoring tolerance sensitivity; underlying causal scores unchanged	NA	NA	NA	NA	NA	NA	causal_feature_matrix.tsv;causal_minimum_sufficient_subset.tsv	fold-local minimum subset score,alternative event scoring windows	Phase 5_2C scoring tolerance sensitivity	b43c5edce66220e2	20260426	False	False	False	False	low	low	True	True
102088	22165	16770	18813	3352	0.16427004153279523	0.8487705842544552	0.27526552356958595	0.5299114766963972	149.99999999997726	-279.25000000004906	0.14408157667894367	0.21711660528171772	0.5	1.783187965481155	train_subjects_only_per_LOSO_fold	20	0.0	0.14559207772689145	0.12237758211458867	0.0019149227191902613	0.8028169014084507	R2_scoring_tolerance_sensitivity	tier1_continuous	S2_early_warning_minus500_plus200ms	early_warning_hybrid	-0.5	onset	0.2	False	metric_induced	candidate-state sensitivity; committed alarm success remains separate	True	proxy	warning	scoring tolerance sensitivity; underlying causal scores unchanged	NA	NA	NA	NA	NA	NA	causal_feature_matrix.tsv;causal_minimum_sufficient_subset.tsv	fold-local minimum subset score,alternative event scoring windows	Phase 5_2C scoring tolerance sensitivity	b43c5edce66220e2	20260426	False	False	False	False	low	low	True	True
102088	36147	26827	30234	5913	0.26278308909960035	0.8364179599966802	0.3999204612969056	0.9347752272391994	149.99999999997726	-289.5000000000012	0.2301053992633806	0.35407687485306794	1.0	1.412253394881552	train_subjects_only_per_LOSO_fold	20	0.0	0.2748065640347019	0.1384641185507061	0.015592942141977841	0.8411850412821759	R2_scoring_tolerance_sensitivity	tier1_continuous	S2_early_warning_minus500_plus200ms	early_warning_hybrid	-0.5	onset	0.2	False	metric_induced	candidate-state sensitivity; committed alarm success remains separate	True	proxy	warning	scoring tolerance sensitivity; underlying causal scores unchanged	NA	NA	NA	NA	NA	NA	causal_feature_matrix.tsv;causal_minimum_sufficient_subset.tsv	fold-local minimum subset score,alternative event scoring windows	Phase 5_2C scoring tolerance sensitivity	b43c5edce66220e2	20260426	False	False	False	False	low	low	True	True
102088	56734	39637	45447	11287	0.3882630671577463	0.8010540416681355	0.5230223241036606	1.7843409419666572	149.99999999997726	-293.75000000000284	0.3325366350599483	0.5557362275683724	2.0	1.1282838586373554	train_subjects_only_per_LOSO_fold	20	0.0	0.410713652665345	0.14297752333161468	0.06811653672548215	0.8727537639630889	R2_scoring_tolerance_sensitivity	tier1_continuous	S2_early_warning_minus500_plus200ms	early_warning_hybrid	-0.5	onset	0.2	False	metric_induced	candidate-state sensitivity; committed alarm success remains separate	True	proxy	warning	scoring tolerance sensitivity; underlying causal scores unchanged	NA	NA	NA	NA	NA	NA	causal_feature_matrix.tsv;causal_minimum_sufficient_subset.tsv	fold-local minimum subset score,alternative event scoring windows	Phase 5_2C scoring tolerance sensitivity	b43c5edce66220e2	20260426	False	False	False	False	low	low	True	True
102088	112746	67727	82408	30338	0.6634178355928219	0.7309172830965178	0.6955337428567129	4.796078275660888	149.99999999997726	-305.50000000003183	0.5229018102029621	1.1044001253820233	5.0	0.662631826121644	train_subjects_only_per_LOSO_fold	20	0.0	0.6938740871940208	0.11308249090034417	0.3327862125564218	0.921321029626032	R2_scoring_tolerance_sensitivity	tier1_continuous	S2_early_warning_minus500_plus200ms	early_warning_hybrid	-0.5	onset	0.2	False	metric_induced	candidate-state sensitivity; committed alarm success remains separate	True	proxy	warning	scoring tolerance sensitivity; underlying causal scores unchanged	NA	NA	NA	NA	NA	NA	causal_feature_matrix.tsv;causal_minimum_sufficient_subset.tsv	fold-local minimum subset score,alternative event scoring windows	Phase 5_2C scoring tolerance sensitivity	b43c5edce66220e2	20260426	False	False	False	False	low	low	True	True
102088	22144	16746	18799	3345	0.1640349502390095	0.8489432803468208	0.2749444450882164	0.5288048596507902	149.99999999997726	-277.7500000000277	0.14375832614998824	0.2169109003996552	0.5	0.788235294117647	train_subjects_only_per_LOSO_fold	20	0.0	0.14324636864879775	0.12278979657712552	0.0019149227191902613	0.8062166100048568	R2_scoring_tolerance_sensitivity	tier2_quantized	S2_early_warning_minus500_plus200ms	early_warning_hybrid	-0.5	onset	0.2	False	metric_induced	candidate-state sensitivity; committed alarm success remains separate	True	proxy	warning	scoring tolerance sensitivity; underlying causal scores unchanged	NA	NA	NA	NA	NA	NA	causal_feature_matrix.tsv;causal_minimum_sufficient_subset.tsv	fold-local minimum subset score,alternative event scoring windows	Phase 5_2C scoring tolerance sensitivity	b43c5edce66220e2	20260426	False	False	False	False	low	low	True	True
102088	36909	27137	30649	6260	0.26581968497766634	0.8303936709203718	0.4027226685824695	0.9896318150714338	149.99999999997726	-289.75000000001216	0.23215265261343154	0.3615410234307656	1.0	0.7098039215686275	train_subjects_only_per_LOSO_fold	20	0.0	0.27578043140964575	0.13878524915560222	0.015592942141977841	0.8416707139388052	R2_scoring_tolerance_sensitivity	tier2_quantized	S2_early_warning_minus500_plus200ms	early_warning_hybrid	-0.5	onset	0.2	False	metric_induced	candidate-state sensitivity; committed alarm success remains separate	True	proxy	warning	scoring tolerance sensitivity; underlying causal scores unchanged	NA	NA	NA	NA	NA	NA	causal_feature_matrix.tsv;causal_minimum_sufficient_subset.tsv	fold-local minimum subset score,alternative event scoring windows	Phase 5_2C scoring tolerance sensitivity	b43c5edce66220e2	20260426	False	False	False	False	low	low	True	True
102088	57916	40278	46290	11626	0.39454196379594075	0.7992609986877547	0.5282982433746112	1.8379328246039122	149.99999999997726	-293.2499999999916	0.3369054149361335	0.5673144737873207	2.0	0.6509803921568628	train_subjects_only_per_LOSO_fold	20	0.0	0.41507488968968553	0.14125569559340206	0.07085214061003967	0.8800388538125303	R2_scoring_tolerance_sensitivity	tier2_quantized	S2_early_warning_minus500_plus200ms	early_warning_hybrid	-0.5	onset	0.2	False	metric_induced	candidate-state sensitivity; committed alarm success remains separate	True	proxy	warning	scoring tolerance sensitivity; underlying causal scores unchanged	NA	NA	NA	NA	NA	NA	causal_feature_matrix.tsv;causal_minimum_sufficient_subset.tsv	fold-local minimum subset score,alternative event scoring windows	Phase 5_2C scoring tolerance sensitivity	b43c5edce66220e2	20260426	False	False	False	False	low	low	True	True
102088	113675	68117	82948	30727	0.6672380691168404	0.7296943039366616	0.6970699910690775	4.857574565766765	149.99999999997726	-306.500000000014	0.5253017004936917	1.113500117545647	5.0	0.5568627450980392	train_subjects_only_per_LOSO_fold	20	0.0	0.6962194959871307	0.11349665627813021	0.35658596635207224	0.921321029626032	R2_scoring_tolerance_sensitivity	tier2_quantized	S2_early_warning_minus500_plus200ms	early_warning_hybrid	-0.5	onset	0.2	False	metric_induced	candidate-state sensitivity; committed alarm success remains separate	True	proxy	warning	scoring tolerance sensitivity; underlying causal scores unchanged	NA	NA	NA	NA	NA	NA	causal_feature_matrix.tsv;causal_minimum_sufficient_subset.tsv	fold-local minimum subset score,alternative event scoring windows	Phase 5_2C scoring tolerance sensitivity	b43c5edce66220e2	20260426	False	False	False	False	low	low	True	True
102088	5167	1996	2040	3127	0.019551759266515163	0.3948132378556222	0.0372584240242242	0.49434164308759965	149.99999999999858	-258.0000000000098	0.0191501449729645	0.05061319645795784	0.5	3.1401060309193296	train_subjects_only_per_LOSO_fold	20	0.0	0.003725898276603039	0.01487889532964506	0.0	0.24575036425449248	R2_scoring_tolerance_sensitivity	tier1_continuous	S3_interval_overlap_extend0ms	interval_overlap	0.0	offset	0.0	True	metric_induced	interval-overlap sensitivity using frozen burst interval	True	proxy	warning	scoring tolerance sensitivity; underlying causal scores unchanged	NA	NA	NA	NA	NA	NA	causal_feature_matrix.tsv;causal_minimum_sufficient_subset.tsv	fold-local minimum subset score,alternative event scoring windows	Phase 5_2C scoring tolerance sensitivity	b43c5edce66220e2	20260426	False	False	False	False	low	low	True	True
102088	10267	3774	3834	6433	0.036968105947809735	0.37342943410928214	0.06727612881043155	1.0169810649128648	149.99999999999858	-272.50000000001376	0.03642935506621738	0.10057009638743045	1.0	2.379307761759552	train_subjects_only_per_LOSO_fold	20	0.0	0.01515292701807084	0.039360549079820395	0.0	0.28703254006799417	R2_scoring_tolerance_sensitivity	tier1_continuous	S3_interval_overlap_extend0ms	interval_overlap	0.0	offset	0.0	True	metric_induced	interval-overlap sensitivity using frozen burst interval	True	proxy	warning	scoring tolerance sensitivity; underlying causal scores unchanged	NA	NA	NA	NA	NA	NA	causal_feature_matrix.tsv;causal_minimum_sufficient_subset.tsv	fold-local minimum subset score,alternative event scoring windows	Phase 5_2C scoring tolerance sensitivity	b43c5edce66220e2	20260426	False	False	False	False	low	low	True	True
102088	19625	7014	7105	12520	0.06870543060888645	0.36203821656050955	0.11549324861374471	1.9792636301428677	149.99999999999858	-278.5000000000082	0.06788261108063631	0.1922361100227255	2.0	1.8900374830503917	train_subjects_only_per_LOSO_fold	20	0.0	0.05564964334596416	0.06416044997403328	0.0005471207769115032	0.31471588149587176	R2_scoring_tolerance_sensitivity	tier1_continuous	S3_interval_overlap_extend0ms	interval_overlap	0.0	offset	0.0	True	metric_induced	interval-overlap sensitivity using frozen burst interval	True	proxy	warning	scoring tolerance sensitivity; underlying causal scores unchanged	NA	NA	NA	NA	NA	NA	causal_feature_matrix.tsv;causal_minimum_sufficient_subset.tsv	fold-local minimum subset score,alternative event scoring windows	Phase 5_2C scoring tolerance sensitivity	b43c5edce66220e2	20260426	False	False	False	False	low	low	True	True
102088	44560	14679	14810	29750	0.14378771256171147	0.3323608617594255	0.2007331771414507	4.703122443829897	149.99999999999324	-290.4999999999962	0.1426024606222083	0.4364861687955489	5.0	1.2523293366288044	train_subjects_only_per_LOSO_fold	20	0.0	0.15825448124301408	0.06801469395548944	0.00588154835179866	0.3569694026226323	R2_scoring_tolerance_sensitivity	tier1_continuous	S3_interval_overlap_extend0ms	interval_overlap	0.0	offset	0.0	True	metric_induced	interval-overlap sensitivity using frozen burst interval	True	proxy	warning	scoring tolerance sensitivity; underlying causal scores unchanged	NA	NA	NA	NA	NA	NA	causal_feature_matrix.tsv;causal_minimum_sufficient_subset.tsv	fold-local minimum subset score,alternative event scoring windows	Phase 5_2C scoring tolerance sensitivity	b43c5edce66220e2	20260426	False	False	False	False	low	low	True	True
11652	4253	1517	1560	2693	0.13019224167524887	0.36679990594874207	0.19217407047592544	2.708458027642129	149.99999999999858	-271.50000000000284	0.1266735324407827	0.365001716443529	0.5	1.0	train_subjects_only_per_LOSO_fold	3	17.0	0.10815939278937381	0.07596802816088491	0.10061372512553468	0.2525497814473045	R2_scoring_tolerance_sensitivity	tier2_quantized	S3_interval_overlap_extend0ms	interval_overlap	0.0	offset	0.0	True	metric_induced	interval-overlap sensitivity using frozen burst interval	True	proxy	warning	scoring tolerance sensitivity; underlying causal scores unchanged	NA	NA	NA	NA	NA	NA	causal_feature_matrix.tsv;causal_minimum_sufficient_subset.tsv	fold-local minimum subset score,alternative event scoring windows	Phase 5_2C scoring tolerance sensitivity	b43c5edce66220e2	20260426	False	False	False	False	low	low	True	True
102088	10507	3860	3920	6587	0.03781051641720868	0.37308461025982675	0.06866239517279474	1.0413266399162195	149.99999999999858	-275.49999999999966	0.037271765535616334	0.10292100932528798	1.0	0.9137254901960784	train_subjects_only_per_LOSO_fold	20	0.0	0.01632630510862269	0.036613161822121064	0.0	0.2889752306945119	R2_scoring_tolerance_sensitivity	tier2_quantized	S3_interval_overlap_extend0ms	interval_overlap	0.0	offset	0.0	True	metric_induced	interval-overlap sensitivity using frozen burst interval	True	proxy	warning	scoring tolerance sensitivity; underlying causal scores unchanged	NA	NA	NA	NA	NA	NA	causal_feature_matrix.tsv;causal_minimum_sufficient_subset.tsv	fold-local minimum subset score,alternative event scoring windows	Phase 5_2C scoring tolerance sensitivity	b43c5edce66220e2	20260426	False	False	False	False	low	low	True	True
102088	19896	7094	7186	12710	0.06948906825483896	0.36117812625653395	0.11655371845106884	2.00930037852363	149.99999999999858	-280.50000000001774	0.06866624872658883	0.19489068254838962	2.0	0.803921568627451	train_subjects_only_per_LOSO_fold	20	0.0	0.05790323424025473	0.06498229118539084	0.0005471207769115032	0.32005828071879555	R2_scoring_tolerance_sensitivity	tier2_quantized	S3_interval_overlap_extend0ms	interval_overlap	0.0	offset	0.0	True	metric_induced	interval-overlap sensitivity using frozen burst interval	True	proxy	warning	scoring tolerance sensitivity; underlying causal scores unchanged	NA	NA	NA	NA	NA	NA	causal_feature_matrix.tsv;causal_minimum_sufficient_subset.tsv	fold-local minimum subset score,alternative event scoring windows	Phase 5_2C scoring tolerance sensitivity	b43c5edce66220e2	20260426	False	False	False	False	low	low	True	True
102088	43880	14470	14600	29280	0.14174045921166054	0.33272561531449407	0.19879474650851564	4.6288210136248535	149.99999999999858	-289.49999999999676	0.14056500274273176	0.4298252488049526	5.0	0.6862745098039216	train_subjects_only_per_LOSO_fold	20	0.0	0.14917174737901778	0.08832971432279138	0.01176309670359732	0.3546015180265655	R2_scoring_tolerance_sensitivity	tier2_quantized	S3_interval_overlap_extend0ms	interval_overlap	0.0	offset	0.0	True	metric_induced	interval-overlap sensitivity using frozen burst interval	True	proxy	warning	scoring tolerance sensitivity; underlying causal scores unchanged	NA	NA	NA	NA	NA	NA	causal_feature_matrix.tsv;causal_minimum_sufficient_subset.tsv	fold-local minimum subset score,alternative event scoring windows	Phase 5_2C scoring tolerance sensitivity	b43c5edce66220e2	20260426	False	False	False	False	low	low	True	True
102088	12720	8988	9393	3327	0.08804168952276467	0.7384433962264151	0.1573260191665024	0.5259592729620863	149.99999999997726	-282.0000000000107	0.08427043335161821	0.12459838570644934	0.5	2.2656733997100673	train_subjects_only_per_LOSO_fold	20	0.0	0.044676860262345575	0.08046291857257631	0.00020833333333333335	0.6920835356969403	R2_scoring_tolerance_sensitivity	tier1_continuous	S3_interval_overlap_extend200ms	interval_overlap	-0.2	offset	0.2	False	metric_induced	interval-overlap sensitivity using frozen burst interval	True	proxy	warning	scoring tolerance sensitivity; underlying causal scores unchanged	NA	NA	NA	NA	NA	NA	causal_feature_matrix.tsv;causal_minimum_sufficient_subset.tsv	fold-local minimum subset score,alternative event scoring windows	Phase 5_2C scoring tolerance sensitivity	b43c5edce66220e2	20260426	False	False	False	False	low	low	True	True
102088	22923	15833	16519	6404	0.15509168560457645	0.7206299349997819	0.255249405031479	1.0123965085810642	149.99999999997726	-276.50000000001285	0.1486168795548938	0.22454157197711777	1.0	1.740267547442268	train_subjects_only_per_LOSO_fold	20	0.0	0.14000093087136656	0.10540148701622268	0.0016413623307345096	0.751335599805731	R2_scoring_tolerance_sensitivity	tier1_continuous	S3_interval_overlap_extend200ms	interval_overlap	-0.2	offset	0.2	False	metric_induced	interval-overlap sensitivity using frozen burst interval	True	proxy	warning	scoring tolerance sensitivity; underlying causal scores unchanged	NA	NA	NA	NA	NA	NA	causal_feature_matrix.tsv;causal_minimum_sufficient_subset.tsv	fold-local minimum subset score,alternative event scoring windows	Phase 5_2C scoring tolerance sensitivity	b43c5edce66220e2	20260426	False	False	False	False	low	low	True	True
102088	36929	24566	25637	11292	0.2406355301308675	0.6942240515583958	0.35739051286074414	1.7851313827135193	149.99999999997726	-290.4999999999891	0.23044824073348483	0.3617369328422537	2.0	1.412253394881552	train_subjects_only_per_LOSO_fold	20	0.0	0.24563806995528645	0.12442513456923043	0.013541239228559704	0.7872753763963088	R2_scoring_tolerance_sensitivity	tier1_continuous	S3_interval_overlap_extend200ms	interval_overlap	-0.2	offset	0.2	False	metric_induced	interval-overlap sensitivity using frozen burst interval	True	proxy	warning	scoring tolerance sensitivity; underlying causal scores unchanged	NA	NA	NA	NA	NA	NA	causal_feature_matrix.tsv;causal_minimum_sufficient_subset.tsv	fold-local minimum subset score,alternative event scoring windows	Phase 5_2C scoring tolerance sensitivity	b43c5edce66220e2	20260426	False	False	False	False	low	low	True	True
102088	79672	47850	50345	29327	0.468713266985346	0.6319033035445326	0.5382100719791956	4.636251156645358	149.99999999997726	-298.0000000000018	0.4448417051955176	0.7804247316041063	5.0	0.9343809805634625	train_subjects_only_per_LOSO_fold	20	0.0	0.506688932363911	0.13713361276316138	0.14184106141430722	0.8640116561437591	R2_scoring_tolerance_sensitivity	tier1_continuous	S3_interval_overlap_extend200ms	interval_overlap	-0.2	offset	0.2	False	metric_induced	interval-overlap sensitivity using frozen burst interval	True	proxy	warning	scoring tolerance sensitivity; underlying causal scores unchanged	NA	NA	NA	NA	NA	NA	causal_feature_matrix.tsv;causal_minimum_sufficient_subset.tsv	fold-local minimum subset score,alternative event scoring windows	Phase 5_2C scoring tolerance sensitivity	b43c5edce66220e2	20260426	False	False	False	False	low	low	True	True
102088	12805	9072	9470	3335	0.08886450905101481	0.7395548613822726	0.1586640342285898	0.5272239781570658	149.99999999998792	-274.7499999999983	0.0851618211738892	0.12543100070527388	0.5	0.8705882352941177	train_subjects_only_per_LOSO_fold	20	0.0	0.04574881394187606	0.07643785920540155	0.0004166666666666667	0.6930548810101991	R2_scoring_tolerance_sensitivity	tier2_quantized	S3_interval_overlap_extend200ms	interval_overlap	-0.2	offset	0.2	False	metric_induced	interval-overlap sensitivity using frozen burst interval	True	proxy	warning	scoring tolerance sensitivity; underlying causal scores unchanged	NA	NA	NA	NA	NA	NA	causal_feature_matrix.tsv;causal_minimum_sufficient_subset.tsv	fold-local minimum subset score,alternative event scoring windows	Phase 5_2C scoring tolerance sensitivity	b43c5edce66220e2	20260426	False	False	False	False	low	low	True	True
102088	23132	15959	16648	6484	0.15632591489695166	0.7196956596922013	0.2568591589802191	1.025043560530859	149.99999999997726	-277.00000000001523	0.1498217224355458	0.22658882532716873	1.0	0.7764705882352941	train_subjects_only_per_LOSO_fold	20	0.0	0.1368218378208264	0.11254390175568713	0.002051702913418137	0.751335599805731	R2_scoring_tolerance_sensitivity	tier2_quantized	S3_interval_overlap_extend200ms	interval_overlap	-0.2	offset	0.2	False	metric_induced	interval-overlap sensitivity using frozen burst interval	True	proxy	warning	scoring tolerance sensitivity; underlying causal scores unchanged	NA	NA	NA	NA	NA	NA	causal_feature_matrix.tsv;causal_minimum_sufficient_subset.tsv	fold-local minimum subset score,alternative event scoring windows	Phase 5_2C scoring tolerance sensitivity	b43c5edce66220e2	20260426	False	False	False	False	low	low	True	True
102088	37608	24908	26021	11587	0.24398558106731447	0.6919006594341629	0.3607570602650308	1.8317673867783872	149.99999999997726	-289.75000000001216	0.23342606378810438	0.3683880573622757	2.0	0.7098039215686275	train_subjects_only_per_LOSO_fold	20	0.0	0.24637281464556693	0.12481216627521718	0.013541239228559704	0.804273919378339	R2_scoring_tolerance_sensitivity	tier2_quantized	S3_interval_overlap_extend200ms	interval_overlap	-0.2	offset	0.2	False	metric_induced	interval-overlap sensitivity using frozen burst interval	True	proxy	warning	scoring tolerance sensitivity; underlying causal scores unchanged	NA	NA	NA	NA	NA	NA	causal_feature_matrix.tsv;causal_minimum_sufficient_subset.tsv	fold-local minimum subset score,alternative event scoring windows	Phase 5_2C scoring tolerance sensitivity	b43c5edce66220e2	20260426	False	False	False	False	low	low	True	True
102088	83154	49898	52513	30641	0.4887743907217303	0.6315150203237366	0.5510511234812131	4.843978984920735	149.99999999997726	-298.7500000000054	0.46372737246297313	0.8145325601441893	5.0	0.6	train_subjects_only_per_LOSO_fold	20	0.0	0.5158392672794476	0.10460176964453127	0.14512378607577622	0.861583292860612	R2_scoring_tolerance_sensitivity	tier2_quantized	S3_interval_overlap_extend200ms	interval_overlap	-0.2	offset	0.2	False	metric_induced	interval-overlap sensitivity using frozen burst interval	True	proxy	warning	scoring tolerance sensitivity; underlying causal scores unchanged	NA	NA	NA	NA	NA	NA	causal_feature_matrix.tsv;causal_minimum_sufficient_subset.tsv	fold-local minimum subset score,alternative event scoring windows	Phase 5_2C scoring tolerance sensitivity	b43c5edce66220e2	20260426	False	False	False	False	low	low	True	True
102088	31115	24011	27805	3310	0.23519904396207195	0.8936204403021051	0.37238668565510497	0.523271774422755	149.99999999997726	-286.2500000000132	0.19921048507170283	0.304786066922655	0.5	1.5226208727352644	train_subjects_only_per_LOSO_fold	20	0.0	0.22564325036498045	0.12910883631535616	0.00943783340172343	0.8742107819329772	R2_scoring_tolerance_sensitivity	tier1_continuous	S3_interval_overlap_extend400ms	interval_overlap	-0.4	offset	0.4	False	metric_induced	interval-overlap sensitivity using frozen burst interval	True	proxy	warning	scoring tolerance sensitivity; underlying causal scores unchanged	NA	NA	NA	NA	NA	NA	causal_feature_matrix.tsv;causal_minimum_sufficient_subset.tsv	fold-local minimum subset score,alternative event scoring windows	Phase 5_2C scoring tolerance sensitivity	b43c5edce66220e2	20260426	False	False	False	False	low	low	True	True
102088	46901	34716	40879	6022	0.34005955646109237	0.8716018848212191	0.4892398821394811	0.9520068355207947	149.99999999997726	-288.99999999998903	0.28432332889272	0.4594173654102343	1.0	1.2523293366288044	train_subjects_only_per_LOSO_fold	20	0.0	0.35975735557947613	0.14709357709285947	0.03775133360689372	0.8989800874210782	R2_scoring_tolerance_sensitivity	tier1_continuous	S3_interval_overlap_extend400ms	interval_overlap	-0.4	offset	0.4	False	metric_induced	interval-overlap sensitivity using frozen burst interval	True	proxy	warning	scoring tolerance sensitivity; underlying causal scores unchanged	NA	NA	NA	NA	NA	NA	causal_feature_matrix.tsv;causal_minimum_sufficient_subset.tsv	fold-local minimum subset score,alternative event scoring windows	Phase 5_2C scoring tolerance sensitivity	b43c5edce66220e2	20260426	False	False	False	False	low	low	True	True
102088	69996	48470	58511	11485	0.47478645874147796	0.8359191953825933	0.6056022011058757	1.815642395542399	149.99999999997726	-297.00000000001125	0.3860296998667816	0.68564375832615	2.0	1.023962391303072	train_subjects_only_per_LOSO_fold	20	0.0	0.5112256006406424	0.1375248596265249	0.11626316509369443	0.9305488101019913	R2_scoring_tolerance_sensitivity	tier1_continuous	S3_interval_overlap_extend400ms	interval_overlap	-0.4	offset	0.4	False	metric_induced	interval-overlap sensitivity using frozen burst interval	True	proxy	warning	scoring tolerance sensitivity; underlying causal scores unchanged	NA	NA	NA	NA	NA	NA	causal_feature_matrix.tsv;causal_minimum_sufficient_subset.tsv	fold-local minimum subset score,alternative event scoring windows	Phase 5_2C scoring tolerance sensitivity	b43c5edce66220e2	20260426	False	False	False	False	low	low	True	True
102088	127550	74711	97312	30238	0.7318294020844761	0.7629321834574676	0.7470572016984914	4.780269460723645	149.99999999997726	-310.0000000000009	0.5338237598934252	1.2494122717655356	5.0	0.5581551630953249	train_subjects_only_per_LOSO_fold	20	0.0	0.7634992743952885	0.11989025385994612	0.46792504445356314	0.9553181155900923	R2_scoring_tolerance_sensitivity	tier1_continuous	S3_interval_overlap_extend400ms	interval_overlap	-0.4	offset	0.4	False	metric_induced	interval-overlap sensitivity using frozen burst interval	True	proxy	warning	scoring tolerance sensitivity; underlying causal scores unchanged	NA	NA	NA	NA	NA	NA	causal_feature_matrix.tsv;causal_minimum_sufficient_subset.tsv	fold-local minimum subset score,alternative event scoring windows	Phase 5_2C scoring tolerance sensitivity	b43c5edce66220e2	20260426	False	False	False	False	low	low	True	True
102088	31011	23922	27704	3307	0.23432724708094976	0.8933604204959531	0.37127068780615263	0.5227975099746377	149.99999999997726	-286.00000000000136	0.1985345976020688	0.3037673379829167	0.5	0.7372549019607844	train_subjects_only_per_LOSO_fold	20	0.0	0.2304126715810311	0.12982779622294258	0.009984954178634934	0.875182127246236	R2_scoring_tolerance_sensitivity	tier2_quantized	S3_interval_overlap_extend400ms	interval_overlap	-0.4	offset	0.4	False	metric_induced	interval-overlap sensitivity using frozen burst interval	True	proxy	warning	scoring tolerance sensitivity; underlying causal scores unchanged	NA	NA	NA	NA	NA	NA	causal_feature_matrix.tsv;causal_minimum_sufficient_subset.tsv	fold-local minimum subset score,alternative event scoring windows	Phase 5_2C scoring tolerance sensitivity	b43c5edce66220e2	20260426	False	False	False	False	low	low	True	True
102088	45403	33394	39434	5969	0.32710994436172713	0.8685329163271149	0.47523514466922034	0.9436281636040557	149.99999999997726	-289.5000000000058	0.2728038554972181	0.44474375048977355	1.0	0.6862745098039216	train_subjects_only_per_LOSO_fold	20	0.0	0.3400027125538784	0.14030291976308695	0.031049104089727806	0.9057795046138902	R2_scoring_tolerance_sensitivity	tier2_quantized	S3_interval_overlap_extend400ms	interval_overlap	-0.4	offset	0.4	False	metric_induced	interval-overlap sensitivity using frozen burst interval	True	proxy	warning	scoring tolerance sensitivity; underlying causal scores unchanged	NA	NA	NA	NA	NA	NA	causal_feature_matrix.tsv;causal_minimum_sufficient_subset.tsv	fold-local minimum subset score,alternative event scoring windows	Phase 5_2C scoring tolerance sensitivity	b43c5edce66220e2	20260426	False	False	False	False	low	low	True	True
102088	71123	49362	59555	11568	0.48352401849384846	0.8373521926802863	0.6130474508879331	1.828763711940311	149.99999999997726	-295.00000000000523	0.39364078050309537	0.696683253663506	2.0	0.6235294117647059	train_subjects_only_per_LOSO_fold	20	0.0	0.5156823590609699	0.11866088707191519	0.13664341403364794	0.9315201554152501	R2_scoring_tolerance_sensitivity	tier2_quantized	S3_interval_overlap_extend400ms	interval_overlap	-0.4	offset	0.4	False	metric_induced	interval-overlap sensitivity using frozen burst interval	True	proxy	warning	scoring tolerance sensitivity; underlying causal scores unchanged	NA	NA	NA	NA	NA	NA	causal_feature_matrix.tsv;causal_minimum_sufficient_subset.tsv	fold-local minimum subset score,alternative event scoring windows	Phase 5_2C scoring tolerance sensitivity	b43c5edce66220e2	20260426	False	False	False	False	low	low	True	True
102088	127601	74968	97543	30058	0.7343468380220985	0.7644375827775645	0.7490901479726495	4.751813593836607	149.99999999997726	-307.99999999999625	0.5366252644777055	1.2499118407648304	5.0	0.5411764705882353	train_subjects_only_per_LOSO_fold	20	0.0	0.7628937225625827	0.09886117496431523	0.4977431267952401	0.9533754249635745	R2_scoring_tolerance_sensitivity	tier2_quantized	S3_interval_overlap_extend400ms	interval_overlap	-0.4	offset	0.4	False	metric_induced	interval-overlap sensitivity using frozen burst interval	True	proxy	warning	scoring tolerance sensitivity; underlying causal scores unchanged	NA	NA	NA	NA	NA	NA	causal_feature_matrix.tsv;causal_minimum_sufficient_subset.tsv	fold-local minimum subset score,alternative event scoring windows	Phase 5_2C scoring tolerance sensitivity	b43c5edce66220e2	20260426	False	False	False	False	low	low	True	True
102088	9255	5932	6015	3240	0.05810673144737873	0.6499189627228525	0.1066759778365217	0.5122056039666846	149.99999999999858	-271.5000000000023	0.05738186662487266	0.09065708016613118	0.5	2.5091890271090103	train_subjects_only_per_LOSO_fold	20	0.0	0.022224008740948896	0.04909614359883023	0.0	0.5337542496357455	R2_scoring_tolerance_sensitivity	tier1_continuous	S4_burst_window_pre0_post200ms	burst_window_aligned	0.0	offset	0.2	False	metric_induced	burst-window-aligned sensitivity; not a target approval	True	proxy	warning	scoring tolerance sensitivity; underlying causal scores unchanged	NA	NA	NA	NA	NA	NA	causal_feature_matrix.tsv;causal_minimum_sufficient_subset.tsv	fold-local minimum subset score,alternative event scoring windows	Phase 5_2C scoring tolerance sensitivity	b43c5edce66220e2	20260426	False	False	False	False	low	low	True	True
102088	17767	11112	11238	6529	0.10884726902280385	0.6325209658355377	0.1857327478942224	1.0321575272526184	149.99999999999858	-273.9999999999965	0.10773058537732152	0.1740361256954784	1.0	1.9515799870377177	train_subjects_only_per_LOSO_fold	20	0.0	0.08308042440421212	0.08742736929659062	0.0004103405826836274	0.5823215152986887	R2_scoring_tolerance_sensitivity	tier1_continuous	S4_burst_window_pre0_post200ms	burst_window_aligned	0.0	offset	0.2	False	metric_induced	burst-window-aligned sensitivity; not a target approval	True	proxy	warning	scoring tolerance sensitivity; underlying causal scores unchanged	NA	NA	NA	NA	NA	NA	causal_feature_matrix.tsv;causal_minimum_sufficient_subset.tsv	fold-local minimum subset score,alternative event scoring windows	Phase 5_2C scoring tolerance sensitivity	b43c5edce66220e2	20260426	False	False	False	False	low	low	True	True
102088	32733	19967	20152	12581	0.19558616095917247	0.6156478171875477	0.2968618088253426	1.988907007254586	149.99999999999858	-286.5000000000126	0.1939405219026722	0.3206351383120445	2.0	1.4926155793951006	train_subjects_only_per_LOSO_fold	20	0.0	0.19519219503557259	0.11185939617342797	0.007386130488305293	0.6420592520641087	R2_scoring_tolerance_sensitivity	tier1_continuous	S4_burst_window_pre0_post200ms	burst_window_aligned	0.0	offset	0.2	False	metric_induced	burst-window-aligned sensitivity; not a target approval	True	proxy	warning	scoring tolerance sensitivity; underlying causal scores unchanged	NA	NA	NA	NA	NA	NA	causal_feature_matrix.tsv;causal_minimum_sufficient_subset.tsv	fold-local minimum subset score,alternative event scoring windows	Phase 5_2C scoring tolerance sensitivity	b43c5edce66220e2	20260426	False	False	False	False	low	low	True	True
102088	67025	37867	38180	28845	0.3709250842410469	0.5696381947034689	0.4492905476692895	4.560052668647845	149.99999999999858	-295.99999999999227	0.36803542042159704	0.6565414152495886	5.0	1.023962391303072	train_subjects_only_per_LOSO_fold	20	0.0	0.3970864433335942	0.09700140864563905	0.08904390644234715	0.7374288425047438	R2_scoring_tolerance_sensitivity	tier1_continuous	S4_burst_window_pre0_post200ms	burst_window_aligned	0.0	offset	0.2	False	metric_induced	burst-window-aligned sensitivity; not a target approval	True	proxy	warning	scoring tolerance sensitivity; underlying causal scores unchanged	NA	NA	NA	NA	NA	NA	causal_feature_matrix.tsv;causal_minimum_sufficient_subset.tsv	fold-local minimum subset score,alternative event scoring windows	Phase 5_2C scoring tolerance sensitivity	b43c5edce66220e2	20260426	False	False	False	False	low	low	True	True
102088	9514	6072	6157	3357	0.059478097327795625	0.6471515661130965	0.1089434701840247	0.5307019174432593	149.99999999999858	-272.49999999999966	0.058733641564140744	0.09319410704490244	0.5	0.9333333333333333	train_subjects_only_per_LOSO_fold	20	0.0	0.022514947375857755	0.05012729758054743	0.0	0.5366682855755222	R2_scoring_tolerance_sensitivity	tier2_quantized	S4_burst_window_pre0_post200ms	burst_window_aligned	0.0	offset	0.2	False	metric_induced	burst-window-aligned sensitivity; not a target approval	True	proxy	warning	scoring tolerance sensitivity; underlying causal scores unchanged	NA	NA	NA	NA	NA	NA	causal_feature_matrix.tsv;causal_minimum_sufficient_subset.tsv	fold-local minimum subset score,alternative event scoring windows	Phase 5_2C scoring tolerance sensitivity	b43c5edce66220e2	20260426	False	False	False	False	low	low	True	True
102088	17743	11102	11228	6515	0.1087493143170598	0.6328129403144902	0.18560268654546325	1.0299442931614045	149.99999999999858	-276.25000000000546	0.10763263067157747	0.17380103440169264	1.0	0.8196078431372549	train_subjects_only_per_LOSO_fold	20	0.0	0.08458134602574169	0.08478158615900117	0.0004103405826836274	0.5823215152986887	R2_scoring_tolerance_sensitivity	tier2_quantized	S4_burst_window_pre0_post200ms	burst_window_aligned	0.0	offset	0.2	False	metric_induced	burst-window-aligned sensitivity; not a target approval	True	proxy	warning	scoring tolerance sensitivity; underlying causal scores unchanged	NA	NA	NA	NA	NA	NA	causal_feature_matrix.tsv;causal_minimum_sufficient_subset.tsv	fold-local minimum subset score,alternative event scoring windows	Phase 5_2C scoring tolerance sensitivity	b43c5edce66220e2	20260426	False	False	False	False	low	low	True	True
102088	32973	20113	20296	12677	0.1970162996630358	0.6155339216935068	0.2984928497506835	2.00408346959434	149.99999999999858	-286.5000000000464	0.19537066060653555	0.32298605124990204	2.0	0.7254901960784313	train_subjects_only_per_LOSO_fold	20	0.0	0.1983094782543421	0.1082456269760187	0.007933251265216797	0.6391452161243322	R2_scoring_tolerance_sensitivity	tier2_quantized	S4_burst_window_pre0_post200ms	burst_window_aligned	0.0	offset	0.2	False	metric_induced	burst-window-aligned sensitivity; not a target approval	True	proxy	warning	scoring tolerance sensitivity; underlying causal scores unchanged	NA	NA	NA	NA	NA	NA	causal_feature_matrix.tsv;causal_minimum_sufficient_subset.tsv	fold-local minimum subset score,alternative event scoring windows	Phase 5_2C scoring tolerance sensitivity	b43c5edce66220e2	20260426	False	False	False	False	low	low	True	True
102088	70060	39387	39714	30346	0.38581419951414464	0.5668569797316586	0.45913317551458616	4.797342980855867	149.99999999999858	-295.00000000000523	0.3828069900478019	0.686270668442912	5.0	0.6235294117647059	train_subjects_only_per_LOSO_fold	20	0.0	0.41522718083163773	0.0985800454753617	0.08179455614826973	0.7405123339658444	R2_scoring_tolerance_sensitivity	tier2_quantized	S4_burst_window_pre0_post200ms	burst_window_aligned	0.0	offset	0.2	False	metric_induced	burst-window-aligned sensitivity; not a target approval	True	proxy	warning	scoring tolerance sensitivity; underlying causal scores unchanged	NA	NA	NA	NA	NA	NA	causal_feature_matrix.tsv;causal_minimum_sufficient_subset.tsv	fold-local minimum subset score,alternative event scoring windows	Phase 5_2C scoring tolerance sensitivity	b43c5edce66220e2	20260426	False	False	False	False	low	low	True	True
102088	12720	8988	9393	3327	0.08804168952276467	0.7384433962264151	0.1573260191665024	0.5259592729620863	149.99999999997726	-282.0000000000107	0.08427043335161821	0.12459838570644934	0.5	2.2656733997100673	train_subjects_only_per_LOSO_fold	20	0.0	0.044676860262345575	0.08046291857257631	0.00020833333333333335	0.6920835356969403	R2_scoring_tolerance_sensitivity	tier1_continuous	S4_burst_window_pre200_post200ms	burst_window_aligned	-0.2	offset	0.2	False	metric_induced	burst-window-aligned sensitivity; not a target approval	True	proxy	warning	scoring tolerance sensitivity; underlying causal scores unchanged	NA	NA	NA	NA	NA	NA	causal_feature_matrix.tsv;causal_minimum_sufficient_subset.tsv	fold-local minimum subset score,alternative event scoring windows	Phase 5_2C scoring tolerance sensitivity	b43c5edce66220e2	20260426	False	False	False	False	low	low	True	True
102088	22923	15833	16519	6404	0.15509168560457645	0.7206299349997819	0.255249405031479	1.0123965085810642	149.99999999997726	-276.50000000001285	0.1486168795548938	0.22454157197711777	1.0	1.740267547442268	train_subjects_only_per_LOSO_fold	20	0.0	0.14000093087136656	0.10540148701622268	0.0016413623307345096	0.751335599805731	R2_scoring_tolerance_sensitivity	tier1_continuous	S4_burst_window_pre200_post200ms	burst_window_aligned	-0.2	offset	0.2	False	metric_induced	burst-window-aligned sensitivity; not a target approval	True	proxy	warning	scoring tolerance sensitivity; underlying causal scores unchanged	NA	NA	NA	NA	NA	NA	causal_feature_matrix.tsv;causal_minimum_sufficient_subset.tsv	fold-local minimum subset score,alternative event scoring windows	Phase 5_2C scoring tolerance sensitivity	b43c5edce66220e2	20260426	False	False	False	False	low	low	True	True
102088	36929	24566	25637	11292	0.2406355301308675	0.6942240515583958	0.35739051286074414	1.7851313827135193	149.99999999997726	-290.4999999999891	0.23044824073348483	0.3617369328422537	2.0	1.412253394881552	train_subjects_only_per_LOSO_fold	20	0.0	0.24563806995528645	0.12442513456923043	0.013541239228559704	0.7872753763963088	R2_scoring_tolerance_sensitivity	tier1_continuous	S4_burst_window_pre200_post200ms	burst_window_aligned	-0.2	offset	0.2	False	metric_induced	burst-window-aligned sensitivity; not a target approval	True	proxy	warning	scoring tolerance sensitivity; underlying causal scores unchanged	NA	NA	NA	NA	NA	NA	causal_feature_matrix.tsv;causal_minimum_sufficient_subset.tsv	fold-local minimum subset score,alternative event scoring windows	Phase 5_2C scoring tolerance sensitivity	b43c5edce66220e2	20260426	False	False	False	False	low	low	True	True
102088	79672	47850	50345	29327	0.468713266985346	0.6319033035445326	0.5382100719791956	4.636251156645358	149.99999999997726	-298.0000000000018	0.4448417051955176	0.7804247316041063	5.0	0.9343809805634625	train_subjects_only_per_LOSO_fold	20	0.0	0.506688932363911	0.13713361276316138	0.14184106141430722	0.8640116561437591	R2_scoring_tolerance_sensitivity	tier1_continuous	S4_burst_window_pre200_post200ms	burst_window_aligned	-0.2	offset	0.2	False	metric_induced	burst-window-aligned sensitivity; not a target approval	True	proxy	warning	scoring tolerance sensitivity; underlying causal scores unchanged	NA	NA	NA	NA	NA	NA	causal_feature_matrix.tsv;causal_minimum_sufficient_subset.tsv	fold-local minimum subset score,alternative event scoring windows	Phase 5_2C scoring tolerance sensitivity	b43c5edce66220e2	20260426	False	False	False	False	low	low	True	True
102088	12805	9072	9470	3335	0.08886450905101481	0.7395548613822726	0.1586640342285898	0.5272239781570658	149.99999999998792	-274.7499999999983	0.0851618211738892	0.12543100070527388	0.5	0.8705882352941177	train_subjects_only_per_LOSO_fold	20	0.0	0.04574881394187606	0.07643785920540155	0.0004166666666666667	0.6930548810101991	R2_scoring_tolerance_sensitivity	tier2_quantized	S4_burst_window_pre200_post200ms	burst_window_aligned	-0.2	offset	0.2	False	metric_induced	burst-window-aligned sensitivity; not a target approval	True	proxy	warning	scoring tolerance sensitivity; underlying causal scores unchanged	NA	NA	NA	NA	NA	NA	causal_feature_matrix.tsv;causal_minimum_sufficient_subset.tsv	fold-local minimum subset score,alternative event scoring windows	Phase 5_2C scoring tolerance sensitivity	b43c5edce66220e2	20260426	False	False	False	False	low	low	True	True
102088	23132	15959	16648	6484	0.15632591489695166	0.7196956596922013	0.2568591589802191	1.025043560530859	149.99999999997726	-277.00000000001523	0.1498217224355458	0.22658882532716873	1.0	0.7764705882352941	train_subjects_only_per_LOSO_fold	20	0.0	0.1368218378208264	0.11254390175568713	0.002051702913418137	0.751335599805731	R2_scoring_tolerance_sensitivity	tier2_quantized	S4_burst_window_pre200_post200ms	burst_window_aligned	-0.2	offset	0.2	False	metric_induced	burst-window-aligned sensitivity; not a target approval	True	proxy	warning	scoring tolerance sensitivity; underlying causal scores unchanged	NA	NA	NA	NA	NA	NA	causal_feature_matrix.tsv;causal_minimum_sufficient_subset.tsv	fold-local minimum subset score,alternative event scoring windows	Phase 5_2C scoring tolerance sensitivity	b43c5edce66220e2	20260426	False	False	False	False	low	low	True	True
102088	37608	24908	26021	11587	0.24398558106731447	0.6919006594341629	0.3607570602650308	1.8317673867783872	149.99999999997726	-289.75000000001216	0.23342606378810438	0.3683880573622757	2.0	0.7098039215686275	train_subjects_only_per_LOSO_fold	20	0.0	0.24637281464556693	0.12481216627521718	0.013541239228559704	0.804273919378339	R2_scoring_tolerance_sensitivity	tier2_quantized	S4_burst_window_pre200_post200ms	burst_window_aligned	-0.2	offset	0.2	False	metric_induced	burst-window-aligned sensitivity; not a target approval	True	proxy	warning	scoring tolerance sensitivity; underlying causal scores unchanged	NA	NA	NA	NA	NA	NA	causal_feature_matrix.tsv;causal_minimum_sufficient_subset.tsv	fold-local minimum subset score,alternative event scoring windows	Phase 5_2C scoring tolerance sensitivity	b43c5edce66220e2	20260426	False	False	False	False	low	low	True	True
102088	83154	49898	52513	30641	0.4887743907217303	0.6315150203237366	0.5510511234812131	4.843978984920735	149.99999999997726	-298.7500000000054	0.46372737246297313	0.8145325601441893	5.0	0.6	train_subjects_only_per_LOSO_fold	20	0.0	0.5158392672794476	0.10460176964453127	0.14512378607577622	0.861583292860612	R2_scoring_tolerance_sensitivity	tier2_quantized	S4_burst_window_pre200_post200ms	burst_window_aligned	-0.2	offset	0.2	False	metric_induced	burst-window-aligned sensitivity; not a target approval	True	proxy	warning	scoring tolerance sensitivity; underlying causal scores unchanged	NA	NA	NA	NA	NA	NA	causal_feature_matrix.tsv;causal_minimum_sufficient_subset.tsv	fold-local minimum subset score,alternative event scoring windows	Phase 5_2C scoring tolerance sensitivity	b43c5edce66220e2	20260426	False	False	False	False	low	low	True	True
102088	31115	24011	27805	3310	0.23519904396207195	0.8936204403021051	0.37238668565510497	0.523271774422755	149.99999999997726	-286.2500000000132	0.19921048507170283	0.304786066922655	0.5	1.5226208727352644	train_subjects_only_per_LOSO_fold	20	0.0	0.22564325036498045	0.12910883631535616	0.00943783340172343	0.8742107819329772	R2_scoring_tolerance_sensitivity	tier1_continuous	S4_burst_window_pre400_post400ms	burst_window_aligned	-0.4	offset	0.4	False	metric_induced	burst-window-aligned sensitivity; not a target approval	True	proxy	warning	scoring tolerance sensitivity; underlying causal scores unchanged	NA	NA	NA	NA	NA	NA	causal_feature_matrix.tsv;causal_minimum_sufficient_subset.tsv	fold-local minimum subset score,alternative event scoring windows	Phase 5_2C scoring tolerance sensitivity	b43c5edce66220e2	20260426	False	False	False	False	low	low	True	True
102088	46901	34716	40879	6022	0.34005955646109237	0.8716018848212191	0.4892398821394811	0.9520068355207947	149.99999999997726	-288.99999999998903	0.28432332889272	0.4594173654102343	1.0	1.2523293366288044	train_subjects_only_per_LOSO_fold	20	0.0	0.35975735557947613	0.14709357709285947	0.03775133360689372	0.8989800874210782	R2_scoring_tolerance_sensitivity	tier1_continuous	S4_burst_window_pre400_post400ms	burst_window_aligned	-0.4	offset	0.4	False	metric_induced	burst-window-aligned sensitivity; not a target approval	True	proxy	warning	scoring tolerance sensitivity; underlying causal scores unchanged	NA	NA	NA	NA	NA	NA	causal_feature_matrix.tsv;causal_minimum_sufficient_subset.tsv	fold-local minimum subset score,alternative event scoring windows	Phase 5_2C scoring tolerance sensitivity	b43c5edce66220e2	20260426	False	False	False	False	low	low	True	True
102088	69996	48470	58511	11485	0.47478645874147796	0.8359191953825933	0.6056022011058757	1.815642395542399	149.99999999997726	-297.00000000001125	0.3860296998667816	0.68564375832615	2.0	1.023962391303072	train_subjects_only_per_LOSO_fold	20	0.0	0.5112256006406424	0.1375248596265249	0.11626316509369443	0.9305488101019913	R2_scoring_tolerance_sensitivity	tier1_continuous	S4_burst_window_pre400_post400ms	burst_window_aligned	-0.4	offset	0.4	False	metric_induced	burst-window-aligned sensitivity; not a target approval	True	proxy	warning	scoring tolerance sensitivity; underlying causal scores unchanged	NA	NA	NA	NA	NA	NA	causal_feature_matrix.tsv;causal_minimum_sufficient_subset.tsv	fold-local minimum subset score,alternative event scoring windows	Phase 5_2C scoring tolerance sensitivity	b43c5edce66220e2	20260426	False	False	False	False	low	low	True	True
102088	127550	74711	97312	30238	0.7318294020844761	0.7629321834574676	0.7470572016984914	4.780269460723645	149.99999999997726	-310.0000000000009	0.5338237598934252	1.2494122717655356	5.0	0.5581551630953249	train_subjects_only_per_LOSO_fold	20	0.0	0.7634992743952885	0.11989025385994612	0.46792504445356314	0.9553181155900923	R2_scoring_tolerance_sensitivity	tier1_continuous	S4_burst_window_pre400_post400ms	burst_window_aligned	-0.4	offset	0.4	False	metric_induced	burst-window-aligned sensitivity; not a target approval	True	proxy	warning	scoring tolerance sensitivity; underlying causal scores unchanged	NA	NA	NA	NA	NA	NA	causal_feature_matrix.tsv;causal_minimum_sufficient_subset.tsv	fold-local minimum subset score,alternative event scoring windows	Phase 5_2C scoring tolerance sensitivity	b43c5edce66220e2	20260426	False	False	False	False	low	low	True	True
102088	31011	23922	27704	3307	0.23432724708094976	0.8933604204959531	0.37127068780615263	0.5227975099746377	149.99999999997726	-286.00000000000136	0.1985345976020688	0.3037673379829167	0.5	0.7372549019607844	train_subjects_only_per_LOSO_fold	20	0.0	0.2304126715810311	0.12982779622294258	0.009984954178634934	0.875182127246236	R2_scoring_tolerance_sensitivity	tier2_quantized	S4_burst_window_pre400_post400ms	burst_window_aligned	-0.4	offset	0.4	False	metric_induced	burst-window-aligned sensitivity; not a target approval	True	proxy	warning	scoring tolerance sensitivity; underlying causal scores unchanged	NA	NA	NA	NA	NA	NA	causal_feature_matrix.tsv;causal_minimum_sufficient_subset.tsv	fold-local minimum subset score,alternative event scoring windows	Phase 5_2C scoring tolerance sensitivity	b43c5edce66220e2	20260426	False	False	False	False	low	low	True	True
102088	45403	33394	39434	5969	0.32710994436172713	0.8685329163271149	0.47523514466922034	0.9436281636040557	149.99999999997726	-289.5000000000058	0.2728038554972181	0.44474375048977355	1.0	0.6862745098039216	train_subjects_only_per_LOSO_fold	20	0.0	0.3400027125538784	0.14030291976308695	0.031049104089727806	0.9057795046138902	R2_scoring_tolerance_sensitivity	tier2_quantized	S4_burst_window_pre400_post400ms	burst_window_aligned	-0.4	offset	0.4	False	metric_induced	burst-window-aligned sensitivity; not a target approval	True	proxy	warning	scoring tolerance sensitivity; underlying causal scores unchanged	NA	NA	NA	NA	NA	NA	causal_feature_matrix.tsv;causal_minimum_sufficient_subset.tsv	fold-local minimum subset score,alternative event scoring windows	Phase 5_2C scoring tolerance sensitivity	b43c5edce66220e2	20260426	False	False	False	False	low	low	True	True
102088	71123	49362	59555	11568	0.48352401849384846	0.8373521926802863	0.6130474508879331	1.828763711940311	149.99999999997726	-295.00000000000523	0.39364078050309537	0.696683253663506	2.0	0.6235294117647059	train_subjects_only_per_LOSO_fold	20	0.0	0.5156823590609699	0.11866088707191519	0.13664341403364794	0.9315201554152501	R2_scoring_tolerance_sensitivity	tier2_quantized	S4_burst_window_pre400_post400ms	burst_window_aligned	-0.4	offset	0.4	False	metric_induced	burst-window-aligned sensitivity; not a target approval	True	proxy	warning	scoring tolerance sensitivity; underlying causal scores unchanged	NA	NA	NA	NA	NA	NA	causal_feature_matrix.tsv;causal_minimum_sufficient_subset.tsv	fold-local minimum subset score,alternative event scoring windows	Phase 5_2C scoring tolerance sensitivity	b43c5edce66220e2	20260426	False	False	False	False	low	low	True	True
102088	127601	74968	97543	30058	0.7343468380220985	0.7644375827775645	0.7490901479726495	4.751813593836607	149.99999999997726	-307.99999999999625	0.5366252644777055	1.2499118407648304	5.0	0.5411764705882353	train_subjects_only_per_LOSO_fold	20	0.0	0.7628937225625827	0.09886117496431523	0.4977431267952401	0.9533754249635745	R2_scoring_tolerance_sensitivity	tier2_quantized	S4_burst_window_pre400_post400ms	burst_window_aligned	-0.4	offset	0.4	False	metric_induced	burst-window-aligned sensitivity; not a target approval	True	proxy	warning	scoring tolerance sensitivity; underlying causal scores unchanged	NA	NA	NA	NA	NA	NA	causal_feature_matrix.tsv;causal_minimum_sufficient_subset.tsv	fold-local minimum subset score,alternative event scoring windows	Phase 5_2C scoring tolerance sensitivity	b43c5edce66220e2	20260426	False	False	False	False	low	low	True	True
